-- phpMyAdmin SQL Dump
-- version 5.2.1
-- https://www.phpmyadmin.net/
--
-- Host: 127.0.0.1:3306
-- Generation Time: Jan 15, 2026 at 10:59 AM
-- Server version: 9.1.0
-- PHP Version: 7.4.33

SET SQL_MODE = "NO_AUTO_VALUE_ON_ZERO";
START TRANSACTION;
SET time_zone = "+00:00";


/*!40101 SET @OLD_CHARACTER_SET_CLIENT=@@CHARACTER_SET_CLIENT */;
/*!40101 SET @OLD_CHARACTER_SET_RESULTS=@@CHARACTER_SET_RESULTS */;
/*!40101 SET @OLD_COLLATION_CONNECTION=@@COLLATION_CONNECTION */;
/*!40101 SET NAMES utf8mb4 */;

--
-- Database: `catalog-converter`
--

-- --------------------------------------------------------

--
-- Table structure for table `export_templates`
--

DROP TABLE IF EXISTS `export_templates`;
CREATE TABLE IF NOT EXISTS `export_templates` (
  `id` int NOT NULL AUTO_INCREMENT,
  `target_platform_id` int DEFAULT NULL,
  `target_column` varchar(150) DEFAULT NULL,
  `universal_field` varchar(150) DEFAULT NULL,
  `is_required` tinyint(1) DEFAULT '0',
  PRIMARY KEY (`id`),
  KEY `target_platform_id` (`target_platform_id`)
) ENGINE=MyISAM DEFAULT CHARSET=utf8mb4 COLLATE=utf8mb4_0900_ai_ci;

-- --------------------------------------------------------

--
-- Table structure for table `import_jobs`
--

DROP TABLE IF EXISTS `import_jobs`;
CREATE TABLE IF NOT EXISTS `import_jobs` (
  `id` int NOT NULL AUTO_INCREMENT,
  `platform_id` int NOT NULL,
  `file_name` varchar(255) DEFAULT NULL,
  `started_at` datetime DEFAULT NULL,
  `completed_at` datetime DEFAULT NULL,
  `status` enum('pending','processing','completed','failed') DEFAULT NULL,
  PRIMARY KEY (`id`),
  KEY `platform_id` (`platform_id`)
) ENGINE=MyISAM AUTO_INCREMENT=132 DEFAULT CHARSET=utf8mb4 COLLATE=utf8mb4_0900_ai_ci;

--
-- Dumping data for table `import_jobs`
--

INSERT INTO `import_jobs` (`id`, `platform_id`, `file_name`, `started_at`, `completed_at`, `status`) VALUES
(1, 1, '1767858251_products_export-with-sku.csv', '2026-01-08 13:14:11', NULL, ''),
(2, 1, '1767858297_products_export-with-sku.csv', '2026-01-08 13:14:57', NULL, ''),
(3, 1, '1767858560_products_export-with-sku.csv', '2026-01-08 13:19:20', NULL, ''),
(4, 1, '1767858578_products_export-with-sku.csv', '2026-01-08 13:19:38', NULL, ''),
(5, 1, '1767858648_products_export-with-sku.csv', '2026-01-08 13:20:48', NULL, ''),
(6, 1, '1767858756_products_export-with-sku.csv', '2026-01-08 13:22:37', NULL, ''),
(7, 1, '1767858786_products_export-with-sku.csv', '2026-01-08 13:23:06', NULL, ''),
(8, 1, '1767859616_products_export-with-sku.csv', '2026-01-08 13:36:56', NULL, ''),
(9, 1, '1767859840_products_export-with-sku.csv', '2026-01-08 13:40:40', NULL, ''),
(10, 1, '1767860661_products_export-with-sku.csv', '2026-01-08 13:54:21', NULL, ''),
(11, 1, '1767860770_products_export-with-sku.csv', '2026-01-08 13:56:10', NULL, ''),
(12, 1, '1767860837_products_export-with-sku.csv', '2026-01-08 13:57:17', NULL, ''),
(13, 1, '1767860850_products_export-with-sku.csv', '2026-01-08 13:57:30', NULL, ''),
(14, 1, '1767860895_products_export-with-sku.csv', '2026-01-08 13:58:15', NULL, ''),
(15, 1, '1767860977_products_export-with-sku.csv', '2026-01-08 13:59:37', NULL, ''),
(16, 1, '1767861008_products_export-with-sku.csv', '2026-01-08 14:00:08', NULL, ''),
(17, 1, '1767861029_products_export-with-sku.csv', '2026-01-08 14:00:29', NULL, ''),
(18, 1, '1767865390_products_export-with-sku.csv', '2026-01-08 15:13:10', NULL, ''),
(19, 1, '1767865599_products_export-with-sku.csv', '2026-01-08 15:16:39', NULL, ''),
(20, 1, '1767865668_products_export-with-sku.csv', '2026-01-08 15:17:48', NULL, ''),
(21, 1, '1767866039_products_export-with-sku.csv', '2026-01-08 15:23:59', NULL, ''),
(22, 1, '1767866311_products_export-with-sku.csv', '2026-01-08 15:28:31', NULL, ''),
(23, 1, '1767868270_products_export-with-sku.csv', '2026-01-08 16:01:10', NULL, ''),
(24, 1, '1767868333_products_export-with-sku.csv', '2026-01-08 16:02:13', NULL, ''),
(25, 1, '1767870132_products_export-with-sku.csv', '2026-01-08 16:32:12', NULL, ''),
(26, 1, '1767870754_products_export-with-sku.csv', '2026-01-08 16:42:34', NULL, ''),
(27, 1, '1767871391_products_export-with-sku.csv', '2026-01-08 16:53:11', NULL, ''),
(28, 1, '1767932505_products_export-with-sku.csv', '2026-01-09 09:51:45', NULL, ''),
(29, 1, '1767934325_products_export-with-sku.csv', '2026-01-09 10:22:05', NULL, ''),
(30, 1, '1767934405_products_export-with-sku.csv', '2026-01-09 10:23:25', NULL, ''),
(31, 1, '1767934463_products_export-with-sku.csv', '2026-01-09 10:24:23', NULL, ''),
(32, 1, '1767934511_products_export-with-sku.csv', '2026-01-09 10:25:11', NULL, ''),
(33, 1, '1767934534_products_export-with-sku.csv', '2026-01-09 10:25:34', NULL, ''),
(34, 1, '1767934611_products_export-with-sku.csv', '2026-01-09 10:26:51', NULL, ''),
(35, 1, '1767934710_products_export-with-sku.csv', '2026-01-09 10:28:30', NULL, ''),
(36, 1, '1767935071_products_export-with-sku.csv', '2026-01-09 10:34:31', NULL, ''),
(37, 1, '1767935396_products_export-with-sku.csv', '2026-01-09 10:39:56', NULL, ''),
(38, 1, '1767935709_products_export-with-sku.csv', '2026-01-09 10:45:09', NULL, ''),
(39, 1, '1767936037_products_export-with-sku.csv', '2026-01-09 10:50:37', NULL, ''),
(40, 1, '1767936133_products_export-with-sku.csv', '2026-01-09 10:52:13', NULL, ''),
(41, 1, '1767936193_products_export-with-sku.csv', '2026-01-09 10:53:13', NULL, ''),
(42, 1, '1767936501_products_export-with-sku.csv', '2026-01-09 10:58:21', NULL, ''),
(43, 1, '1767936634_products_export-with-sku.csv', '2026-01-09 11:00:34', NULL, ''),
(44, 1, '1767938035_products_export-with-sku.csv', '2026-01-09 11:23:55', NULL, ''),
(45, 1, '1767939173_products_export-with-sku.csv', '2026-01-09 11:42:53', NULL, ''),
(46, 1, '1767939250_products_export-with-sku.csv', '2026-01-09 11:44:10', NULL, ''),
(47, 1, '1767939611_products_export-with-sku.csv', '2026-01-09 11:50:11', NULL, ''),
(48, 1, '1767939684_products_export-with-sku.csv', '2026-01-09 11:51:24', NULL, ''),
(49, 1, '1767939760_products_export-with-sku.csv', '2026-01-09 11:52:40', NULL, ''),
(50, 1, '1767939833_products_export-with-sku.csv', '2026-01-09 11:53:53', NULL, ''),
(51, 1, '1767939843_products_export-with-sku.csv', '2026-01-09 11:54:03', NULL, ''),
(52, 1, '1767939876_products_export-with-sku.csv', '2026-01-09 11:54:36', NULL, ''),
(53, 1, '1767939993_products_export-with-sku.csv', '2026-01-09 11:56:33', NULL, ''),
(54, 1, '1767941861_products_export_1.csv', '2026-01-09 12:27:41', NULL, ''),
(55, 1, '1767942141_products_export_1.csv', '2026-01-09 12:32:21', NULL, ''),
(56, 1, '1767942672_products_export_1.csv', '2026-01-09 12:41:12', NULL, ''),
(57, 1, '1768193104_products_export_1.csv', '2026-01-12 10:15:04', NULL, ''),
(58, 1, '1768193238_products_export_1.csv', '2026-01-12 10:17:18', NULL, ''),
(59, 1, '1768193456_products_export_1.csv', '2026-01-12 10:20:56', NULL, ''),
(60, 1, '1768199020_products_export_1.csv', '2026-01-12 11:53:40', NULL, ''),
(61, 1, '1768199430_products_export_1.csv', '2026-01-12 12:00:30', NULL, ''),
(62, 1, '1768199587_products_export_1.csv', '2026-01-12 12:03:07', NULL, ''),
(63, 1, '1768201864_products_export_1.csv', '2026-01-12 12:41:04', NULL, ''),
(64, 1, '1768201896_products_export_1.csv', '2026-01-12 12:41:36', NULL, ''),
(65, 1, '1768202049_products_export_1.csv', '2026-01-12 12:44:09', NULL, ''),
(66, 1, '1768202131_products_export_1.csv', '2026-01-12 12:45:31', NULL, ''),
(67, 1, '1768202165_products_export_1.csv', '2026-01-12 12:46:05', NULL, ''),
(68, 1, '1768202434_products_export_1.csv', '2026-01-12 12:50:34', NULL, ''),
(69, 1, '1768202647_products_export_1.csv', '2026-01-12 12:54:07', NULL, ''),
(70, 1, '1768204010_products_export_1.csv', '2026-01-12 13:16:50', NULL, ''),
(71, 1, '1768204401_products_export_1.csv', '2026-01-12 13:23:21', NULL, ''),
(72, 1, '1768206460_products_export-with-sku.csv', '2026-01-12 13:57:40', NULL, ''),
(73, 1, '1768206602_products_export-with-sku.csv', '2026-01-12 14:00:02', NULL, ''),
(74, 1, '1768210465_products_export-with-sku.csv', '2026-01-12 15:04:25', NULL, ''),
(75, 1, '1768212371_products_export-with-sku.csv', '2026-01-12 15:36:11', NULL, ''),
(76, 1, '1768212530_products_export-with-sku.csv', '2026-01-12 15:38:50', NULL, ''),
(77, 1, '1768212842_products_export-with-sku.csv', '2026-01-12 15:44:02', NULL, ''),
(78, 1, '1768212856_products_export-with-sku.csv', '2026-01-12 15:44:16', NULL, ''),
(79, 1, '1768213257_products_export-with-sku.csv', '2026-01-12 15:50:57', NULL, ''),
(80, 1, '1768214393_products_export-with-sku.csv', '2026-01-12 16:09:53', NULL, ''),
(81, 1, '1768214449_products_export-with-sku.csv', '2026-01-12 16:10:49', NULL, ''),
(82, 1, '1768214674_products_export-with-sku.csv', '2026-01-12 16:14:34', NULL, ''),
(83, 1, '1768215020_products_export-with-sku.csv', '2026-01-12 16:20:20', NULL, ''),
(84, 1, '1768215198_products_export-with-sku.csv', '2026-01-12 16:23:18', NULL, ''),
(85, 1, '1768215557_products_export-with-sku.csv', '2026-01-12 16:29:17', NULL, ''),
(86, 1, '1768215988_products_export-with-sku.csv', '2026-01-12 16:36:28', NULL, ''),
(87, 1, '1768216149_products_export-with-sku.csv', '2026-01-12 16:39:09', NULL, ''),
(88, 1, '1768216265_products_export-with-sku.csv', '2026-01-12 16:41:05', NULL, ''),
(89, 1, '1768216433_products_export-with-sku.csv', '2026-01-12 16:43:53', NULL, ''),
(90, 1, '1768216687_export_89.csv', '2026-01-12 16:48:07', NULL, ''),
(91, 1, '1768216707_products_export-with-sku.csv', '2026-01-12 16:48:27', NULL, ''),
(92, 1, '1768217159_products_export-with-sku.csv', '2026-01-12 16:55:59', NULL, ''),
(93, 1, '1768217555_products_export-with-sku.csv', '2026-01-12 17:02:35', NULL, ''),
(94, 1, '1768217869_products_export-with-sku.csv', '2026-01-12 17:07:49', NULL, ''),
(95, 1, '1768218095_products_export_1.csv', '2026-01-12 17:11:35', NULL, ''),
(96, 1, '1768218155_products_export_1.csv', '2026-01-12 17:12:35', NULL, ''),
(97, 1, '1768220415_products_export_1.csv', '2026-01-12 17:50:15', NULL, ''),
(98, 1, '1768221359_products_export_1.csv', '2026-01-12 18:05:59', NULL, ''),
(99, 1, '1768221776_products_export_1.csv', '2026-01-12 18:12:56', NULL, ''),
(100, 1, '1768221786_products_export_1.csv', '2026-01-12 18:13:06', NULL, ''),
(101, 1, '1768221874_products_export_1.csv', '2026-01-12 18:14:34', NULL, ''),
(102, 1, '1768221881_products_export_1.csv', '2026-01-12 18:14:41', NULL, ''),
(103, 1, '1768222345_products_export_1.csv', '2026-01-12 18:22:25', NULL, ''),
(104, 1, '1768222349_products_export_1.csv', '2026-01-12 18:22:29', NULL, ''),
(105, 1, '1768222368_products_export_1.csv', '2026-01-12 18:22:48', NULL, ''),
(106, 1, '1768222451_products_export_1.csv', '2026-01-12 18:24:11', NULL, ''),
(107, 2, '1768222520_products_export_1.csv', '2026-01-12 18:25:20', NULL, ''),
(108, 2, '1768282388_products_export_1.csv', '2026-01-13 11:03:08', NULL, ''),
(109, 2, '1768284606_products_export_1.csv', '2026-01-13 11:40:06', NULL, ''),
(110, 2, '1768286637_products_export_1.csv', '2026-01-13 12:13:57', NULL, ''),
(111, 2, '1768286659_export_97.csv', '2026-01-13 12:14:19', NULL, ''),
(112, 2, '1768287360_export_97.csv', '2026-01-13 12:26:00', '2026-01-13 12:58:53', 'completed'),
(113, 2, '1768297949_shopify_export_112.csv', '2026-01-13 15:22:29', NULL, ''),
(114, 2, '1768298021_export_97.csv', '2026-01-13 15:23:41', '2026-01-13 15:23:45', 'completed'),
(115, 1, '1768298283_shopify_export_114.csv', '2026-01-13 15:28:03', NULL, ''),
(116, 1, '1768298444_shopify_export_114.csv', '2026-01-13 15:30:45', NULL, ''),
(117, 1, '1768298476_shopify_export_114.csv', '2026-01-13 15:31:16', NULL, ''),
(118, 1, '1768298511_shopify_export_114.csv', '2026-01-13 15:31:51', NULL, ''),
(119, 1, '1768298564_shopify_export_114.csv', '2026-01-13 15:32:44', NULL, ''),
(120, 1, '1768298690_shopify_export_114.csv', '2026-01-13 15:34:50', NULL, ''),
(121, 2, '1768298803_export_97.csv', '2026-01-13 15:36:43', NULL, ''),
(122, 2, '1768298847_export_97.csv', '2026-01-13 15:37:27', NULL, ''),
(123, 2, '1768298878_export_97.csv', '2026-01-13 15:37:58', NULL, ''),
(124, 2, '1768298898_export_97.csv', '2026-01-13 15:38:18', '2026-01-13 15:38:22', 'completed'),
(125, 2, '1768299996_export_97.csv', '2026-01-13 15:56:36', '2026-01-13 15:56:40', 'completed'),
(126, 2, '1768300753_export_97.csv', '2026-01-13 16:09:13', '2026-01-13 16:09:15', 'completed'),
(127, 2, '1768300924_export_97.csv', '2026-01-13 16:12:04', '2026-01-13 16:12:41', 'completed'),
(128, 2, '1768306531_export_97.csv', '2026-01-13 17:45:31', '2026-01-13 17:45:33', 'completed'),
(129, 2, '1768306750_export_97.csv', '2026-01-13 17:49:10', '2026-01-13 17:49:13', 'completed'),
(130, 2, '1768306832_export_97.csv', '2026-01-13 17:50:32', '2026-01-13 17:50:35', 'completed'),
(131, 2, '1768452152_export_97.csv', '2026-01-15 10:12:32', '2026-01-15 10:12:36', 'completed');

-- --------------------------------------------------------

--
-- Table structure for table `job_mappings`
--

DROP TABLE IF EXISTS `job_mappings`;
CREATE TABLE IF NOT EXISTS `job_mappings` (
  `id` int NOT NULL AUTO_INCREMENT,
  `job_id` int DEFAULT NULL,
  `source_column` varchar(255) DEFAULT NULL,
  `universal_field` varchar(255) DEFAULT NULL,
  PRIMARY KEY (`id`)
) ENGINE=MyISAM AUTO_INCREMENT=1928 DEFAULT CHARSET=utf8mb4 COLLATE=utf8mb4_0900_ai_ci;

--
-- Dumping data for table `job_mappings`
--

INSERT INTO `job_mappings` (`id`, `job_id`, `source_column`, `universal_field`) VALUES
(1, 8, 'Handle', 'product.slug'),
(2, 8, 'Title', 'product.name'),
(3, 8, 'Body (HTML)', 'product.description'),
(4, 8, 'Vendor', 'product.brand'),
(5, 8, 'Type', 'product.type'),
(6, 8, 'Tags', 'product.tags'),
(7, 8, 'Option1 Name', 'attribute1.name'),
(8, 8, 'Option1 Value', 'attribute1.value'),
(9, 8, 'Option2 Name', 'attribute2.name'),
(10, 8, 'Option2 Value', 'attribute2.value'),
(11, 8, 'Option3 Name', 'attribute3.name'),
(12, 8, 'Option3 Value', 'attribute3.value'),
(13, 8, 'Variant SKU', 'variant.sku'),
(14, 8, 'Variant Grams', 'variant.weight'),
(15, 8, 'Variant Inventory Qty', 'variant.stock'),
(16, 8, 'Variant Price', 'variant.price'),
(17, 8, 'Variant Compare At Price', 'variant.compare_at_price'),
(18, 8, 'Variant Requires Shipping', 'variant.requires_shipping'),
(19, 8, 'Variant Barcode', 'variant.barcode'),
(20, 8, 'Image Src', 'product.image'),
(21, 8, 'Variant Image', 'variant.image'),
(22, 8, 'Variant Weight Unit', 'variant.weight_unit'),
(23, 9, 'Handle', 'product.slug'),
(24, 9, 'Title', 'product.name'),
(25, 9, 'Body (HTML)', 'product.description'),
(26, 9, 'Vendor', 'product.brand'),
(27, 9, 'Type', 'product.type'),
(28, 9, 'Tags', 'product.tags'),
(29, 9, 'Option1 Name', 'attribute1.name'),
(30, 9, 'Option1 Value', 'attribute1.value'),
(31, 9, 'Option2 Name', 'attribute2.name'),
(32, 9, 'Option2 Value', 'attribute2.value'),
(33, 9, 'Option3 Name', 'attribute3.name'),
(34, 9, 'Option3 Value', 'attribute3.value'),
(35, 9, 'Variant SKU', 'variant.sku'),
(36, 9, 'Variant Grams', 'variant.weight'),
(37, 9, 'Variant Inventory Qty', 'variant.stock'),
(38, 9, 'Variant Price', 'variant.price'),
(39, 9, 'Variant Compare At Price', 'variant.compare_at_price'),
(40, 9, 'Variant Requires Shipping', 'variant.requires_shipping'),
(41, 9, 'Variant Barcode', 'variant.barcode'),
(42, 9, 'Image Src', 'product.image'),
(43, 9, 'Variant Image', 'variant.image'),
(44, 9, 'Variant Weight Unit', 'variant.weight_unit'),
(45, 9, 'Handle', 'product.slug'),
(46, 9, 'Title', 'product.name'),
(47, 9, 'Body (HTML)', 'product.description'),
(48, 9, 'Vendor', 'product.brand'),
(49, 9, 'Type', 'product.type'),
(50, 9, 'Tags', 'product.tags'),
(51, 9, 'Option1 Name', 'attribute1.name'),
(52, 9, 'Option1 Value', 'attribute1.value'),
(53, 9, 'Option2 Name', 'attribute2.name'),
(54, 9, 'Option2 Value', 'attribute2.value'),
(55, 9, 'Option3 Name', 'attribute3.name'),
(56, 9, 'Option3 Value', 'attribute3.value'),
(57, 9, 'Variant SKU', 'variant.sku'),
(58, 9, 'Variant Grams', 'variant.weight'),
(59, 9, 'Variant Inventory Qty', 'variant.stock'),
(60, 9, 'Variant Price', 'variant.price'),
(61, 9, 'Variant Compare At Price', 'variant.compare_at_price'),
(62, 9, 'Variant Requires Shipping', 'variant.requires_shipping'),
(63, 9, 'Variant Barcode', 'variant.barcode'),
(64, 9, 'Image Src', 'product.image'),
(65, 9, 'Variant Image', 'variant.image'),
(66, 9, 'Variant Weight Unit', 'variant.weight_unit'),
(67, 9, 'Handle', 'product.slug'),
(68, 9, 'Title', 'product.name'),
(69, 9, 'Body (HTML)', 'product.description'),
(70, 9, 'Vendor', 'product.brand'),
(71, 9, 'Type', 'product.type'),
(72, 9, 'Tags', 'product.tags'),
(73, 9, 'Option1 Name', 'attribute1.name'),
(74, 9, 'Option1 Value', 'attribute1.value'),
(75, 9, 'Option2 Name', 'attribute2.name'),
(76, 9, 'Option2 Value', 'attribute2.value'),
(77, 9, 'Option3 Name', 'attribute3.name'),
(78, 9, 'Option3 Value', 'attribute3.value'),
(79, 9, 'Variant SKU', 'variant.sku'),
(80, 9, 'Variant Grams', 'variant.weight'),
(81, 9, 'Variant Inventory Qty', 'variant.stock'),
(82, 9, 'Variant Price', 'variant.price'),
(83, 9, 'Variant Compare At Price', 'variant.compare_at_price'),
(84, 9, 'Variant Requires Shipping', 'variant.requires_shipping'),
(85, 9, 'Variant Barcode', 'variant.barcode'),
(86, 9, 'Image Src', 'product.image'),
(87, 9, 'Variant Image', 'variant.image'),
(88, 9, 'Variant Weight Unit', 'variant.weight_unit'),
(89, 17, 'Handle', 'product.slug'),
(90, 17, 'Title', 'product.name'),
(91, 17, 'Body (HTML)', 'product.description'),
(92, 17, 'Vendor', 'product.brand'),
(93, 17, 'Type', 'product.type'),
(94, 17, 'Tags', 'product.tags'),
(95, 17, 'Option1 Name', 'attribute1.name'),
(96, 17, 'Option1 Value', 'attribute1.value'),
(97, 17, 'Option2 Name', 'attribute2.name'),
(98, 17, 'Option2 Value', 'attribute2.value'),
(99, 17, 'Option3 Name', 'attribute3.name'),
(100, 17, 'Option3 Value', 'attribute3.value'),
(101, 17, 'Variant SKU', 'variant.sku'),
(102, 17, 'Variant Grams', 'variant.weight'),
(103, 17, 'Variant Inventory Qty', 'variant.stock'),
(104, 17, 'Variant Price', 'variant.price'),
(105, 17, 'Variant Compare At Price', 'variant.compare_at_price'),
(106, 17, 'Variant Requires Shipping', 'variant.requires_shipping'),
(107, 17, 'Variant Barcode', 'variant.barcode'),
(108, 17, 'Image Src', 'product.image'),
(109, 17, 'Variant Image', 'variant.image'),
(110, 17, 'Variant Weight Unit', 'variant.weight_unit'),
(111, 17, 'Handle', 'product.slug'),
(112, 17, 'Title', 'product.name'),
(113, 17, 'Body (HTML)', 'product.description'),
(114, 17, 'Vendor', 'product.brand'),
(115, 17, 'Type', 'product.type'),
(116, 17, 'Tags', 'product.tags'),
(117, 17, 'Option1 Name', 'attribute1.name'),
(118, 17, 'Option1 Value', 'attribute1.value'),
(119, 17, 'Option2 Name', 'attribute2.name'),
(120, 17, 'Option2 Value', 'attribute2.value'),
(121, 17, 'Option3 Name', 'attribute3.name'),
(122, 17, 'Option3 Value', 'attribute3.value'),
(123, 17, 'Variant SKU', 'variant.sku'),
(124, 17, 'Variant Grams', 'variant.weight'),
(125, 17, 'Variant Inventory Qty', 'variant.stock'),
(126, 17, 'Variant Price', 'variant.price'),
(127, 17, 'Variant Compare At Price', 'variant.compare_at_price'),
(128, 17, 'Variant Requires Shipping', 'variant.requires_shipping'),
(129, 17, 'Variant Barcode', 'variant.barcode'),
(130, 17, 'Image Src', 'product.image'),
(131, 17, 'Variant Image', 'variant.image'),
(132, 17, 'Variant Weight Unit', 'variant.weight_unit'),
(133, 17, 'Handle', 'product.slug'),
(134, 17, 'Title', 'product.name'),
(135, 17, 'Body (HTML)', 'product.description'),
(136, 17, 'Vendor', 'product.brand'),
(137, 17, 'Type', 'product.type'),
(138, 17, 'Tags', 'product.tags'),
(139, 17, 'Option1 Name', 'attribute1.name'),
(140, 17, 'Option1 Value', 'attribute1.value'),
(141, 17, 'Option2 Name', 'attribute2.name'),
(142, 17, 'Option2 Value', 'attribute2.value'),
(143, 17, 'Option3 Name', 'attribute3.name'),
(144, 17, 'Option3 Value', 'attribute3.value'),
(145, 17, 'Variant SKU', 'variant.sku'),
(146, 17, 'Variant Grams', 'variant.weight'),
(147, 17, 'Variant Inventory Qty', 'variant.stock'),
(148, 17, 'Variant Price', 'variant.price'),
(149, 17, 'Variant Compare At Price', 'variant.compare_at_price'),
(150, 17, 'Variant Requires Shipping', 'variant.requires_shipping'),
(151, 17, 'Variant Barcode', 'variant.barcode'),
(152, 17, 'Image Src', 'product.image'),
(153, 17, 'Variant Image', 'variant.image'),
(154, 17, 'Variant Weight Unit', 'variant.weight_unit'),
(155, 17, 'Handle', 'product.slug'),
(156, 17, 'Title', 'product.name'),
(157, 17, 'Body (HTML)', 'product.description'),
(158, 17, 'Vendor', 'product.brand'),
(159, 17, 'Type', 'product.type'),
(160, 17, 'Tags', 'product.tags'),
(161, 17, 'Option1 Name', 'attribute1.name'),
(162, 17, 'Option1 Value', 'attribute1.value'),
(163, 17, 'Option2 Name', 'attribute2.name'),
(164, 17, 'Option2 Value', 'attribute2.value'),
(165, 17, 'Option3 Name', 'attribute3.name'),
(166, 17, 'Option3 Value', 'attribute3.value'),
(167, 17, 'Variant SKU', 'variant.sku'),
(168, 17, 'Variant Grams', 'variant.weight'),
(169, 17, 'Variant Inventory Qty', 'variant.stock'),
(170, 17, 'Variant Price', 'variant.price'),
(171, 17, 'Variant Compare At Price', 'variant.compare_at_price'),
(172, 17, 'Variant Requires Shipping', 'variant.requires_shipping'),
(173, 17, 'Variant Barcode', 'variant.barcode'),
(174, 17, 'Image Src', 'product.image'),
(175, 17, 'Variant Image', 'variant.image'),
(176, 17, 'Variant Weight Unit', 'variant.weight_unit'),
(177, 17, 'Handle', 'product.slug'),
(178, 17, 'Title', 'product.name'),
(179, 17, 'Body (HTML)', 'product.description'),
(180, 17, 'Vendor', 'product.brand'),
(181, 17, 'Type', 'product.type'),
(182, 17, 'Tags', 'product.tags'),
(183, 17, 'Option1 Name', 'attribute1.name'),
(184, 17, 'Option1 Value', 'attribute1.value'),
(185, 17, 'Option2 Name', 'attribute2.name'),
(186, 17, 'Option2 Value', 'attribute2.value'),
(187, 17, 'Option3 Name', 'attribute3.name'),
(188, 17, 'Option3 Value', 'attribute3.value'),
(189, 17, 'Variant SKU', 'variant.sku'),
(190, 17, 'Variant Grams', 'variant.weight'),
(191, 17, 'Variant Inventory Qty', 'variant.stock'),
(192, 17, 'Variant Price', 'variant.price'),
(193, 17, 'Variant Compare At Price', 'variant.compare_at_price'),
(194, 17, 'Variant Requires Shipping', 'variant.requires_shipping'),
(195, 17, 'Variant Barcode', 'variant.barcode'),
(196, 17, 'Image Src', 'product.image'),
(197, 17, 'Variant Image', 'variant.image'),
(198, 17, 'Variant Weight Unit', 'variant.weight_unit'),
(199, 17, 'Handle', 'product.slug'),
(200, 17, 'Title', 'product.name'),
(201, 17, 'Body (HTML)', 'product.description'),
(202, 17, 'Vendor', 'product.brand'),
(203, 17, 'Type', 'product.type'),
(204, 17, 'Tags', 'product.tags'),
(205, 17, 'Option1 Name', 'attribute1.name'),
(206, 17, 'Option1 Value', 'attribute1.value'),
(207, 17, 'Option2 Name', 'attribute2.name'),
(208, 17, 'Option2 Value', 'attribute2.value'),
(209, 17, 'Option3 Name', 'attribute3.name'),
(210, 17, 'Option3 Value', 'attribute3.value'),
(211, 17, 'Variant SKU', 'variant.sku'),
(212, 17, 'Variant Grams', 'variant.weight'),
(213, 17, 'Variant Inventory Qty', 'variant.stock'),
(214, 17, 'Variant Price', 'variant.price'),
(215, 17, 'Variant Compare At Price', 'variant.compare_at_price'),
(216, 17, 'Variant Requires Shipping', 'variant.requires_shipping'),
(217, 17, 'Variant Barcode', 'variant.barcode'),
(218, 17, 'Image Src', 'product.image'),
(219, 17, 'Variant Image', 'variant.image'),
(220, 17, 'Variant Weight Unit', 'variant.weight_unit'),
(221, 17, 'Handle', 'product.slug'),
(222, 17, 'Title', 'product.name'),
(223, 17, 'Body (HTML)', 'product.description'),
(224, 17, 'Vendor', 'product.brand'),
(225, 17, 'Type', 'product.type'),
(226, 17, 'Tags', 'product.tags'),
(227, 17, 'Option1 Name', 'attribute1.name'),
(228, 17, 'Option1 Value', 'attribute1.value'),
(229, 17, 'Option2 Name', 'attribute2.name'),
(230, 17, 'Option2 Value', 'attribute2.value'),
(231, 17, 'Option3 Name', 'attribute3.name'),
(232, 17, 'Option3 Value', 'attribute3.value'),
(233, 17, 'Variant SKU', 'variant.sku'),
(234, 17, 'Variant Grams', 'variant.weight'),
(235, 17, 'Variant Inventory Qty', 'variant.stock'),
(236, 17, 'Variant Price', 'variant.price'),
(237, 17, 'Variant Compare At Price', 'variant.compare_at_price'),
(238, 17, 'Variant Requires Shipping', 'variant.requires_shipping'),
(239, 17, 'Variant Barcode', 'variant.barcode'),
(240, 17, 'Image Src', 'product.image'),
(241, 17, 'Variant Image', 'variant.image'),
(242, 17, 'Variant Weight Unit', 'variant.weight_unit'),
(243, 17, 'Handle', 'product.slug'),
(244, 17, 'Title', 'product.name'),
(245, 17, 'Body (HTML)', 'product.description'),
(246, 17, 'Vendor', 'product.brand'),
(247, 17, 'Type', 'product.type'),
(248, 17, 'Tags', 'product.tags'),
(249, 17, 'Option1 Name', 'attribute1.name'),
(250, 17, 'Option1 Value', 'attribute1.value'),
(251, 17, 'Option2 Name', 'attribute2.name'),
(252, 17, 'Option2 Value', 'attribute2.value'),
(253, 17, 'Option3 Name', 'attribute3.name'),
(254, 17, 'Option3 Value', 'attribute3.value'),
(255, 17, 'Variant SKU', 'variant.sku'),
(256, 17, 'Variant Grams', 'variant.weight'),
(257, 17, 'Variant Inventory Qty', 'variant.stock'),
(258, 17, 'Variant Price', 'variant.price'),
(259, 17, 'Variant Compare At Price', 'variant.compare_at_price'),
(260, 17, 'Variant Requires Shipping', 'variant.requires_shipping'),
(261, 17, 'Variant Barcode', 'variant.barcode'),
(262, 17, 'Image Src', 'product.image'),
(263, 17, 'Variant Image', 'variant.image'),
(264, 17, 'Variant Weight Unit', 'variant.weight_unit'),
(265, 17, 'Handle', 'product.slug'),
(266, 17, 'Title', 'product.name'),
(267, 17, 'Body (HTML)', 'product.description'),
(268, 17, 'Vendor', 'product.brand'),
(269, 17, 'Type', 'product.type'),
(270, 17, 'Tags', 'product.tags'),
(271, 17, 'Option1 Name', 'attribute1.name'),
(272, 17, 'Option1 Value', 'attribute1.value'),
(273, 17, 'Option2 Name', 'attribute2.name'),
(274, 17, 'Option2 Value', 'attribute2.value'),
(275, 17, 'Option3 Name', 'attribute3.name'),
(276, 17, 'Option3 Value', 'attribute3.value'),
(277, 17, 'Variant SKU', 'variant.sku'),
(278, 17, 'Variant Grams', 'variant.weight'),
(279, 17, 'Variant Inventory Qty', 'variant.stock'),
(280, 17, 'Variant Price', 'variant.price'),
(281, 17, 'Variant Compare At Price', 'variant.compare_at_price'),
(282, 17, 'Variant Requires Shipping', 'variant.requires_shipping'),
(283, 17, 'Variant Barcode', 'variant.barcode'),
(284, 17, 'Image Src', 'product.image'),
(285, 17, 'Variant Image', 'variant.image'),
(286, 17, 'Variant Weight Unit', 'variant.weight_unit'),
(287, 18, 'Handle', 'product.slug'),
(288, 18, 'Title', 'product.name'),
(289, 18, 'Body (HTML)', 'product.description'),
(290, 18, 'Vendor', 'product.brand'),
(291, 18, 'Type', 'product.type'),
(292, 18, 'Tags', 'product.tags'),
(293, 18, 'Option1 Name', 'attribute1.name'),
(294, 18, 'Option1 Value', 'attribute1.value'),
(295, 18, 'Option2 Name', 'attribute2.name'),
(296, 18, 'Option2 Value', 'attribute2.value'),
(297, 18, 'Option3 Name', 'attribute3.name'),
(298, 18, 'Option3 Value', 'attribute3.value'),
(299, 18, 'Variant SKU', 'variant.sku'),
(300, 18, 'Variant Grams', 'variant.weight'),
(301, 18, 'Variant Inventory Qty', 'variant.stock'),
(302, 18, 'Variant Price', 'variant.price'),
(303, 18, 'Variant Compare At Price', 'variant.compare_at_price'),
(304, 18, 'Variant Requires Shipping', 'variant.requires_shipping'),
(305, 18, 'Variant Barcode', 'variant.barcode'),
(306, 18, 'Image Src', 'product.image'),
(307, 18, 'Variant Image', 'variant.image'),
(308, 18, 'Variant Weight Unit', 'variant.weight_unit'),
(309, 18, 'Handle', 'product.slug'),
(310, 18, 'Title', 'product.name'),
(311, 18, 'Body (HTML)', 'product.description'),
(312, 18, 'Vendor', 'product.brand'),
(313, 18, 'Type', 'product.type'),
(314, 18, 'Tags', 'product.tags'),
(315, 18, 'Option1 Name', 'attribute1.name'),
(316, 18, 'Option1 Value', 'attribute1.value'),
(317, 18, 'Option2 Name', 'attribute2.name'),
(318, 18, 'Option2 Value', 'attribute2.value'),
(319, 18, 'Option3 Name', 'attribute3.name'),
(320, 18, 'Option3 Value', 'attribute3.value'),
(321, 18, 'Variant SKU', 'variant.sku'),
(322, 18, 'Variant Grams', 'variant.weight'),
(323, 18, 'Variant Inventory Qty', 'variant.stock'),
(324, 18, 'Variant Price', 'variant.price'),
(325, 18, 'Variant Compare At Price', 'variant.compare_at_price'),
(326, 18, 'Variant Requires Shipping', 'variant.requires_shipping'),
(327, 18, 'Variant Barcode', 'variant.barcode'),
(328, 18, 'Image Src', 'product.image'),
(329, 18, 'Variant Image', 'variant.image'),
(330, 18, 'Variant Weight Unit', 'variant.weight_unit'),
(331, 19, 'Handle', 'product.slug'),
(332, 19, 'Title', 'product.name'),
(333, 19, 'Body (HTML)', 'product.description'),
(334, 19, 'Vendor', 'product.brand'),
(335, 19, 'Type', 'product.type'),
(336, 19, 'Tags', 'product.tags'),
(337, 19, 'Option1 Name', 'attribute1.name'),
(338, 19, 'Option1 Value', 'attribute1.value'),
(339, 19, 'Option2 Name', 'attribute2.name'),
(340, 19, 'Option2 Value', 'attribute2.value'),
(341, 19, 'Option3 Name', 'attribute3.name'),
(342, 19, 'Option3 Value', 'attribute3.value'),
(343, 19, 'Variant SKU', 'variant.sku'),
(344, 19, 'Variant Grams', 'variant.weight'),
(345, 19, 'Variant Inventory Qty', 'variant.stock'),
(346, 19, 'Variant Price', 'variant.price'),
(347, 19, 'Variant Compare At Price', 'variant.compare_at_price'),
(348, 19, 'Variant Requires Shipping', 'variant.requires_shipping'),
(349, 19, 'Variant Barcode', 'variant.barcode'),
(350, 19, 'Image Src', 'product.image'),
(351, 19, 'Variant Image', 'variant.image'),
(352, 19, 'Variant Weight Unit', 'variant.weight_unit'),
(353, 20, 'Handle', 'product.slug'),
(354, 20, 'Title', 'product.name'),
(355, 20, 'Body (HTML)', 'product.description'),
(356, 20, 'Vendor', 'product.brand'),
(357, 20, 'Type', 'product.type'),
(358, 20, 'Tags', 'product.tags'),
(359, 20, 'Option1 Name', 'attribute1.name'),
(360, 20, 'Option1 Value', 'attribute1.value'),
(361, 20, 'Option2 Name', 'attribute2.name'),
(362, 20, 'Option2 Value', 'attribute2.value'),
(363, 20, 'Option3 Name', 'attribute3.name'),
(364, 20, 'Option3 Value', 'attribute3.value'),
(365, 20, 'Variant SKU', 'variant.sku'),
(366, 20, 'Variant Grams', 'variant.weight'),
(367, 20, 'Variant Inventory Qty', 'variant.stock'),
(368, 20, 'Variant Price', 'variant.price'),
(369, 20, 'Variant Compare At Price', 'variant.compare_at_price'),
(370, 20, 'Variant Requires Shipping', 'variant.requires_shipping'),
(371, 20, 'Variant Barcode', 'variant.barcode'),
(372, 20, 'Image Src', 'product.image'),
(373, 20, 'Variant Image', 'variant.image'),
(374, 20, 'Variant Weight Unit', 'variant.weight_unit'),
(375, 20, 'Handle', 'product.slug'),
(376, 20, 'Title', 'product.name'),
(377, 20, 'Body (HTML)', 'product.description'),
(378, 20, 'Vendor', 'product.brand'),
(379, 20, 'Type', 'product.type'),
(380, 20, 'Tags', 'product.tags'),
(381, 20, 'Option1 Name', 'attribute1.name'),
(382, 20, 'Option1 Value', 'attribute1.value'),
(383, 20, 'Option2 Name', 'attribute2.name'),
(384, 20, 'Option2 Value', 'attribute2.value'),
(385, 20, 'Option3 Name', 'attribute3.name'),
(386, 20, 'Option3 Value', 'attribute3.value'),
(387, 20, 'Variant SKU', 'variant.sku'),
(388, 20, 'Variant Grams', 'variant.weight'),
(389, 20, 'Variant Inventory Qty', 'variant.stock'),
(390, 20, 'Variant Price', 'variant.price'),
(391, 20, 'Variant Compare At Price', 'variant.compare_at_price'),
(392, 20, 'Variant Requires Shipping', 'variant.requires_shipping'),
(393, 20, 'Variant Barcode', 'variant.barcode'),
(394, 20, 'Image Src', 'product.image'),
(395, 20, 'Variant Image', 'variant.image'),
(396, 20, 'Variant Weight Unit', 'variant.weight_unit'),
(397, 20, 'Handle', 'product.slug'),
(398, 20, 'Title', 'product.name'),
(399, 20, 'Body (HTML)', 'product.description'),
(400, 20, 'Vendor', 'product.brand'),
(401, 20, 'Type', 'product.type'),
(402, 20, 'Tags', 'product.tags'),
(403, 20, 'Option1 Name', 'attribute1.name'),
(404, 20, 'Option1 Value', 'attribute1.value'),
(405, 20, 'Option2 Name', 'attribute2.name'),
(406, 20, 'Option2 Value', 'attribute2.value'),
(407, 20, 'Option3 Name', 'attribute3.name'),
(408, 20, 'Option3 Value', 'attribute3.value'),
(409, 20, 'Variant SKU', 'variant.sku'),
(410, 20, 'Variant Grams', 'variant.weight'),
(411, 20, 'Variant Inventory Qty', 'variant.stock'),
(412, 20, 'Variant Price', 'variant.price'),
(413, 20, 'Variant Compare At Price', 'variant.compare_at_price'),
(414, 20, 'Variant Requires Shipping', 'variant.requires_shipping'),
(415, 20, 'Variant Barcode', 'variant.barcode'),
(416, 20, 'Image Src', 'product.image'),
(417, 20, 'Variant Image', 'variant.image'),
(418, 20, 'Variant Weight Unit', 'variant.weight_unit'),
(419, 20, 'Handle', 'product.slug'),
(420, 20, 'Title', 'product.name'),
(421, 20, 'Body (HTML)', 'product.description'),
(422, 20, 'Vendor', 'product.brand'),
(423, 20, 'Type', 'product.type'),
(424, 20, 'Tags', 'product.tags'),
(425, 20, 'Option1 Name', 'attribute1.name'),
(426, 20, 'Option1 Value', 'attribute1.value'),
(427, 20, 'Option2 Name', 'attribute2.name'),
(428, 20, 'Option2 Value', 'attribute2.value'),
(429, 20, 'Option3 Name', 'attribute3.name'),
(430, 20, 'Option3 Value', 'attribute3.value'),
(431, 20, 'Variant SKU', 'variant.sku'),
(432, 20, 'Variant Grams', 'variant.weight'),
(433, 20, 'Variant Inventory Qty', 'variant.stock'),
(434, 20, 'Variant Price', 'variant.price'),
(435, 20, 'Variant Compare At Price', 'variant.compare_at_price'),
(436, 20, 'Variant Requires Shipping', 'variant.requires_shipping'),
(437, 20, 'Variant Barcode', 'variant.barcode'),
(438, 20, 'Image Src', 'product.image'),
(439, 20, 'Variant Image', 'variant.image'),
(440, 20, 'Variant Weight Unit', 'variant.weight_unit'),
(441, 21, 'Handle', 'product.slug'),
(442, 21, 'Title', 'product.name'),
(443, 21, 'Body (HTML)', 'product.description'),
(444, 21, 'Vendor', 'product.brand'),
(445, 21, 'Type', 'product.type'),
(446, 21, 'Tags', 'product.tags'),
(447, 21, 'Option1 Name', 'attribute1.name'),
(448, 21, 'Option1 Value', 'attribute1.value'),
(449, 21, 'Option2 Name', 'attribute2.name'),
(450, 21, 'Option2 Value', 'attribute2.value'),
(451, 21, 'Option3 Name', 'attribute3.name'),
(452, 21, 'Option3 Value', 'attribute3.value'),
(453, 21, 'Variant SKU', 'variant.sku'),
(454, 21, 'Variant Grams', 'variant.weight'),
(455, 21, 'Variant Inventory Qty', 'variant.stock'),
(456, 21, 'Variant Price', 'variant.price'),
(457, 21, 'Variant Compare At Price', 'variant.compare_at_price'),
(458, 21, 'Variant Requires Shipping', 'variant.requires_shipping'),
(459, 21, 'Variant Barcode', 'variant.barcode'),
(460, 21, 'Image Src', 'product.image'),
(461, 21, 'Variant Image', 'variant.image'),
(462, 21, 'Variant Weight Unit', 'variant.weight_unit'),
(463, 21, 'Handle', 'product.slug'),
(464, 21, 'Title', 'product.name'),
(465, 21, 'Body (HTML)', 'product.description'),
(466, 21, 'Vendor', 'product.brand'),
(467, 21, 'Type', 'product.type'),
(468, 21, 'Tags', 'product.tags'),
(469, 21, 'Option1 Name', 'attribute1.name'),
(470, 21, 'Option1 Value', 'attribute1.value'),
(471, 21, 'Option2 Name', 'attribute2.name'),
(472, 21, 'Option2 Value', 'attribute2.value'),
(473, 21, 'Option3 Name', 'attribute3.name'),
(474, 21, 'Option3 Value', 'attribute3.value'),
(475, 21, 'Variant SKU', 'variant.sku'),
(476, 21, 'Variant Grams', 'variant.weight'),
(477, 21, 'Variant Inventory Qty', 'variant.stock'),
(478, 21, 'Variant Price', 'variant.price'),
(479, 21, 'Variant Compare At Price', 'variant.compare_at_price'),
(480, 21, 'Variant Requires Shipping', 'variant.requires_shipping'),
(481, 21, 'Variant Barcode', 'variant.barcode'),
(482, 21, 'Image Src', 'product.image'),
(483, 21, 'Variant Image', 'variant.image'),
(484, 21, 'Variant Weight Unit', 'variant.weight_unit'),
(485, 21, 'Handle', 'product.slug'),
(486, 21, 'Title', 'product.name'),
(487, 21, 'Body (HTML)', 'product.description'),
(488, 21, 'Vendor', 'product.brand'),
(489, 21, 'Type', 'product.type'),
(490, 21, 'Tags', 'product.tags'),
(491, 21, 'Option1 Name', 'attribute1.name'),
(492, 21, 'Option1 Value', 'attribute1.value'),
(493, 21, 'Option2 Name', 'attribute2.name'),
(494, 21, 'Option2 Value', 'attribute2.value'),
(495, 21, 'Option3 Name', 'attribute3.name'),
(496, 21, 'Option3 Value', 'attribute3.value'),
(497, 21, 'Variant SKU', 'variant.sku'),
(498, 21, 'Variant Grams', 'variant.weight'),
(499, 21, 'Variant Inventory Qty', 'variant.stock'),
(500, 21, 'Variant Price', 'variant.price'),
(501, 21, 'Variant Compare At Price', 'variant.compare_at_price'),
(502, 21, 'Variant Requires Shipping', 'variant.requires_shipping'),
(503, 21, 'Variant Barcode', 'variant.barcode'),
(504, 21, 'Image Src', 'product.image'),
(505, 21, 'Variant Image', 'variant.image'),
(506, 21, 'Variant Weight Unit', 'variant.weight_unit'),
(507, 21, 'Handle', 'product.slug'),
(508, 21, 'Title', 'product.name'),
(509, 21, 'Body (HTML)', 'product.description'),
(510, 21, 'Vendor', 'product.brand'),
(511, 21, 'Type', 'product.type'),
(512, 21, 'Tags', 'product.tags'),
(513, 21, 'Option1 Name', 'attribute1.name'),
(514, 21, 'Option1 Value', 'attribute1.value'),
(515, 21, 'Option2 Name', 'attribute2.name'),
(516, 21, 'Option2 Value', 'attribute2.value'),
(517, 21, 'Option3 Name', 'attribute3.name'),
(518, 21, 'Option3 Value', 'attribute3.value'),
(519, 21, 'Variant SKU', 'variant.sku'),
(520, 21, 'Variant Grams', 'variant.weight'),
(521, 21, 'Variant Inventory Qty', 'variant.stock'),
(522, 21, 'Variant Price', 'variant.price'),
(523, 21, 'Variant Compare At Price', 'variant.compare_at_price'),
(524, 21, 'Variant Requires Shipping', 'variant.requires_shipping'),
(525, 21, 'Variant Barcode', 'variant.barcode'),
(526, 21, 'Image Src', 'product.image'),
(527, 21, 'Variant Image', 'variant.image'),
(528, 21, 'Variant Weight Unit', 'variant.weight_unit'),
(529, 21, 'Handle', 'product.slug'),
(530, 21, 'Title', 'product.name'),
(531, 21, 'Body (HTML)', 'product.description'),
(532, 21, 'Vendor', 'product.brand'),
(533, 21, 'Type', 'product.type'),
(534, 21, 'Tags', 'product.tags'),
(535, 21, 'Option1 Name', 'attribute1.name'),
(536, 21, 'Option1 Value', 'attribute1.value'),
(537, 21, 'Option2 Name', 'attribute2.name'),
(538, 21, 'Option2 Value', 'attribute2.value'),
(539, 21, 'Option3 Name', 'attribute3.name'),
(540, 21, 'Option3 Value', 'attribute3.value'),
(541, 21, 'Variant SKU', 'variant.sku'),
(542, 21, 'Variant Grams', 'variant.weight'),
(543, 21, 'Variant Inventory Qty', 'variant.stock'),
(544, 21, 'Variant Price', 'variant.price'),
(545, 21, 'Variant Compare At Price', 'variant.compare_at_price'),
(546, 21, 'Variant Requires Shipping', 'variant.requires_shipping'),
(547, 21, 'Variant Barcode', 'variant.barcode'),
(548, 21, 'Image Src', 'product.image'),
(549, 21, 'Variant Image', 'variant.image'),
(550, 21, 'Variant Weight Unit', 'variant.weight_unit'),
(551, 21, 'Handle', 'product.slug'),
(552, 21, 'Title', 'product.name'),
(553, 21, 'Body (HTML)', 'product.description'),
(554, 21, 'Vendor', 'product.brand'),
(555, 21, 'Type', 'product.type'),
(556, 21, 'Tags', 'product.tags'),
(557, 21, 'Option1 Name', 'attribute1.name'),
(558, 21, 'Option1 Value', 'attribute1.value'),
(559, 21, 'Option2 Name', 'attribute2.name'),
(560, 21, 'Option2 Value', 'attribute2.value'),
(561, 21, 'Option3 Name', 'attribute3.name'),
(562, 21, 'Option3 Value', 'attribute3.value'),
(563, 21, 'Variant SKU', 'variant.sku'),
(564, 21, 'Variant Grams', 'variant.weight'),
(565, 21, 'Variant Inventory Qty', 'variant.stock'),
(566, 21, 'Variant Price', 'variant.price'),
(567, 21, 'Variant Compare At Price', 'variant.compare_at_price'),
(568, 21, 'Variant Requires Shipping', 'variant.requires_shipping'),
(569, 21, 'Variant Barcode', 'variant.barcode'),
(570, 21, 'Image Src', 'product.image'),
(571, 21, 'Variant Image', 'variant.image'),
(572, 21, 'Variant Weight Unit', 'variant.weight_unit'),
(573, 22, 'Handle', 'product.slug'),
(574, 22, 'Title', 'product.name'),
(575, 22, 'Body (HTML)', 'product.description'),
(576, 22, 'Vendor', 'product.brand'),
(577, 22, 'Type', 'product.type'),
(578, 22, 'Tags', 'product.tags'),
(579, 22, 'Option1 Name', 'attribute1.name'),
(580, 22, 'Option1 Value', 'attribute1.value'),
(581, 22, 'Option2 Name', 'attribute2.name'),
(582, 22, 'Option2 Value', 'attribute2.value'),
(583, 22, 'Option3 Name', 'attribute3.name'),
(584, 22, 'Option3 Value', 'attribute3.value'),
(585, 22, 'Variant SKU', 'variant.sku'),
(586, 22, 'Variant Grams', 'variant.weight'),
(587, 22, 'Variant Inventory Qty', 'variant.stock'),
(588, 22, 'Variant Price', 'variant.price'),
(589, 22, 'Variant Compare At Price', 'variant.compare_at_price'),
(590, 22, 'Variant Requires Shipping', 'variant.requires_shipping'),
(591, 22, 'Variant Barcode', 'variant.barcode'),
(592, 22, 'Image Src', 'product.image'),
(593, 22, 'Variant Image', 'variant.image'),
(594, 22, 'Variant Weight Unit', 'variant.weight_unit'),
(595, 23, 'Handle', 'product.slug'),
(596, 23, 'Title', 'product.name'),
(597, 23, 'Body (HTML)', 'product.description'),
(598, 23, 'Vendor', 'product.brand'),
(599, 23, 'Type', 'product.type'),
(600, 23, 'Tags', 'product.tags'),
(601, 23, 'Option1 Name', 'attribute1.name'),
(602, 23, 'Option1 Value', 'attribute1.value'),
(603, 23, 'Option2 Name', 'attribute2.name'),
(604, 23, 'Option2 Value', 'attribute2.value'),
(605, 23, 'Option3 Name', 'attribute3.name'),
(606, 23, 'Option3 Value', 'attribute3.value'),
(607, 23, 'Variant SKU', 'variant.sku'),
(608, 23, 'Variant Grams', 'variant.weight'),
(609, 23, 'Variant Inventory Qty', 'variant.stock'),
(610, 23, 'Variant Price', 'variant.price'),
(611, 23, 'Variant Compare At Price', 'variant.compare_at_price'),
(612, 23, 'Variant Requires Shipping', 'variant.requires_shipping'),
(613, 23, 'Variant Barcode', 'variant.barcode'),
(614, 23, 'Image Src', 'product.image'),
(615, 23, 'Variant Image', 'variant.image'),
(616, 23, 'Variant Weight Unit', 'variant.weight_unit'),
(617, 23, 'Handle', 'product.slug'),
(618, 23, 'Title', 'product.name'),
(619, 23, 'Body (HTML)', 'product.description'),
(620, 23, 'Vendor', 'product.brand'),
(621, 23, 'Type', 'product.type'),
(622, 23, 'Tags', 'product.tags'),
(623, 23, 'Option1 Name', 'attribute1.name'),
(624, 23, 'Option1 Value', 'attribute1.value'),
(625, 23, 'Option2 Name', 'attribute2.name'),
(626, 23, 'Option2 Value', 'attribute2.value'),
(627, 23, 'Option3 Name', 'attribute3.name'),
(628, 23, 'Option3 Value', 'attribute3.value'),
(629, 23, 'Variant SKU', 'variant.sku'),
(630, 23, 'Variant Grams', 'variant.weight'),
(631, 23, 'Variant Inventory Qty', 'variant.stock'),
(632, 23, 'Variant Price', 'variant.price'),
(633, 23, 'Variant Compare At Price', 'variant.compare_at_price'),
(634, 23, 'Variant Requires Shipping', 'variant.requires_shipping'),
(635, 23, 'Variant Barcode', 'variant.barcode'),
(636, 23, 'Image Src', 'product.image'),
(637, 23, 'Variant Image', 'variant.image'),
(638, 23, 'Variant Weight Unit', 'variant.weight_unit'),
(639, 24, 'Handle', 'product.slug'),
(640, 24, 'Title', 'product.name'),
(641, 24, 'Body (HTML)', 'product.description'),
(642, 24, 'Vendor', 'product.brand'),
(643, 24, 'Type', 'product.type'),
(644, 24, 'Tags', 'product.tags'),
(645, 24, 'Option1 Name', 'attribute1.name'),
(646, 24, 'Option1 Value', 'attribute1.value'),
(647, 24, 'Option2 Name', 'attribute2.name'),
(648, 24, 'Option2 Value', 'attribute2.value'),
(649, 24, 'Option3 Name', 'attribute3.name'),
(650, 24, 'Option3 Value', 'attribute3.value'),
(651, 24, 'Variant SKU', 'variant.sku'),
(652, 24, 'Variant Grams', 'variant.weight'),
(653, 24, 'Variant Inventory Qty', 'variant.stock'),
(654, 24, 'Variant Price', 'variant.price'),
(655, 24, 'Variant Compare At Price', 'variant.compare_at_price'),
(656, 24, 'Variant Requires Shipping', 'variant.requires_shipping'),
(657, 24, 'Variant Barcode', 'variant.barcode'),
(658, 24, 'Image Src', 'product.image'),
(659, 24, 'Variant Image', 'variant.image'),
(660, 24, 'Variant Weight Unit', 'variant.weight_unit'),
(661, 26, 'Handle', 'product.slug'),
(662, 26, 'Title', 'product.name'),
(663, 26, 'Body (HTML)', 'product.description'),
(664, 26, 'Vendor', 'product.brand'),
(665, 26, 'Type', 'product.type'),
(666, 26, 'Tags', 'product.tags'),
(667, 26, 'Option1 Name', 'attribute1.name'),
(668, 26, 'Option1 Value', 'attribute1.value'),
(669, 26, 'Option2 Name', 'attribute2.name'),
(670, 26, 'Option2 Value', 'attribute2.value'),
(671, 26, 'Option3 Name', 'attribute3.name'),
(672, 26, 'Option3 Value', 'attribute3.value'),
(673, 26, 'Variant SKU', 'variant.sku'),
(674, 26, 'Variant Grams', 'variant.weight'),
(675, 26, 'Variant Inventory Qty', 'variant.stock'),
(676, 26, 'Variant Price', 'variant.price'),
(677, 26, 'Variant Compare At Price', 'variant.compare_at_price'),
(678, 26, 'Variant Requires Shipping', 'variant.requires_shipping'),
(679, 26, 'Variant Barcode', 'variant.barcode'),
(680, 26, 'Image Src', 'product.image'),
(681, 26, 'Variant Image', 'variant.image'),
(682, 26, 'Variant Weight Unit', 'variant.weight_unit'),
(683, 27, 'Handle', 'product.slug'),
(684, 27, 'Title', 'product.name'),
(685, 27, 'Body (HTML)', 'product.description'),
(686, 27, 'Vendor', 'product.brand'),
(687, 27, 'Type', 'product.type'),
(688, 27, 'Tags', 'product.tags'),
(689, 27, 'Option1 Name', 'attribute1.name'),
(690, 27, 'Option1 Value', 'attribute1.value'),
(691, 27, 'Option2 Name', 'attribute2.name'),
(692, 27, 'Option2 Value', 'attribute2.value'),
(693, 27, 'Option3 Name', 'attribute3.name'),
(694, 27, 'Option3 Value', 'attribute3.value'),
(695, 27, 'Variant SKU', 'variant.sku'),
(696, 27, 'Variant Grams', 'variant.weight'),
(697, 27, 'Variant Inventory Qty', 'variant.stock'),
(698, 27, 'Variant Price', 'variant.price'),
(699, 27, 'Variant Compare At Price', 'variant.compare_at_price'),
(700, 27, 'Variant Requires Shipping', 'variant.requires_shipping'),
(701, 27, 'Variant Barcode', 'variant.barcode'),
(702, 27, 'Image Src', 'product.image'),
(703, 27, 'Variant Image', 'variant.image'),
(704, 27, 'Variant Weight Unit', 'variant.weight_unit'),
(705, 36, 'Handle', 'product.slug'),
(706, 36, 'Title', 'product.name'),
(707, 36, 'Body (HTML)', 'product.description'),
(708, 36, 'Vendor', 'product.brand'),
(709, 36, 'Type', 'product.type'),
(710, 36, 'Tags', 'product.tags'),
(711, 36, 'Option1 Name', 'attribute1.name'),
(712, 36, 'Option1 Value', 'attribute1.value'),
(713, 36, 'Option2 Name', 'attribute2.name'),
(714, 36, 'Option2 Value', 'attribute2.value'),
(715, 36, 'Option3 Name', 'attribute3.name'),
(716, 36, 'Option3 Value', 'attribute3.value'),
(717, 36, 'Variant SKU', 'variant.sku'),
(718, 36, 'Variant Grams', 'variant.weight'),
(719, 36, 'Variant Inventory Qty', 'variant.stock'),
(720, 36, 'Variant Price', 'variant.price'),
(721, 36, 'Variant Compare At Price', 'variant.compare_at_price'),
(722, 36, 'Variant Requires Shipping', 'variant.requires_shipping'),
(723, 36, 'Variant Barcode', 'variant.barcode'),
(724, 36, 'Image Src', 'product.image'),
(725, 36, 'Variant Image', 'variant.image'),
(726, 36, 'Variant Weight Unit', 'variant.weight_unit'),
(727, 36, 'Handle', 'product.slug'),
(728, 36, 'Title', 'product.name'),
(729, 36, 'Body (HTML)', 'product.description'),
(730, 36, 'Vendor', 'product.brand'),
(731, 36, 'Type', 'product.type'),
(732, 36, 'Tags', 'product.tags'),
(733, 36, 'Option1 Name', 'attribute1.name'),
(734, 36, 'Option1 Value', 'attribute1.value'),
(735, 36, 'Option2 Name', 'attribute2.name'),
(736, 36, 'Option2 Value', 'attribute2.value'),
(737, 36, 'Option3 Name', 'attribute3.name'),
(738, 36, 'Option3 Value', 'attribute3.value'),
(739, 36, 'Variant SKU', 'variant.sku'),
(740, 36, 'Variant Grams', 'variant.weight'),
(741, 36, 'Variant Inventory Qty', 'variant.stock'),
(742, 36, 'Variant Price', 'variant.price'),
(743, 36, 'Variant Compare At Price', 'variant.compare_at_price'),
(744, 36, 'Variant Requires Shipping', 'variant.requires_shipping'),
(745, 36, 'Variant Barcode', 'variant.barcode'),
(746, 36, 'Image Src', 'product.image'),
(747, 36, 'Variant Image', 'variant.image'),
(748, 36, 'Variant Weight Unit', 'variant.weight_unit'),
(749, 37, 'Handle', 'product.slug'),
(750, 37, 'Title', 'product.name'),
(751, 37, 'Body (HTML)', 'product.description'),
(752, 37, 'Vendor', 'product.brand'),
(753, 37, 'Type', 'product.type'),
(754, 37, 'Tags', 'product.tags'),
(755, 37, 'Option1 Name', 'attribute1.name'),
(756, 37, 'Option1 Value', 'attribute1.value'),
(757, 37, 'Option2 Name', 'attribute2.name'),
(758, 37, 'Option2 Value', 'attribute2.value'),
(759, 37, 'Option3 Name', 'attribute3.name'),
(760, 37, 'Option3 Value', 'attribute3.value'),
(761, 37, 'Variant SKU', 'variant.sku'),
(762, 37, 'Variant Grams', 'variant.weight'),
(763, 37, 'Variant Inventory Qty', 'variant.stock'),
(764, 37, 'Variant Price', 'variant.price'),
(765, 37, 'Variant Compare At Price', 'variant.compare_at_price'),
(766, 37, 'Variant Requires Shipping', 'variant.requires_shipping'),
(767, 37, 'Variant Barcode', 'variant.barcode'),
(768, 37, 'Image Src', 'product.image'),
(769, 37, 'Variant Image', 'variant.image'),
(770, 37, 'Variant Weight Unit', 'variant.weight_unit'),
(771, 38, 'Handle', 'product.slug'),
(772, 38, 'Title', 'product.name'),
(773, 38, 'Body (HTML)', 'product.description'),
(774, 38, 'Vendor', 'product.brand'),
(775, 38, 'Type', 'product.type'),
(776, 38, 'Tags', 'product.tags'),
(777, 38, 'Option1 Name', 'attribute1.name'),
(778, 38, 'Option1 Value', 'attribute1.value'),
(779, 38, 'Option2 Name', 'attribute2.name'),
(780, 38, 'Option2 Value', 'attribute2.value'),
(781, 38, 'Option3 Name', 'attribute3.name'),
(782, 38, 'Option3 Value', 'attribute3.value'),
(783, 38, 'Variant SKU', 'variant.sku'),
(784, 38, 'Variant Grams', 'variant.weight'),
(785, 38, 'Variant Inventory Qty', 'variant.stock'),
(786, 38, 'Variant Price', 'variant.price'),
(787, 38, 'Variant Compare At Price', 'variant.compare_at_price'),
(788, 38, 'Variant Requires Shipping', 'variant.requires_shipping'),
(789, 38, 'Variant Barcode', 'variant.barcode'),
(790, 38, 'Image Src', 'product.image'),
(791, 38, 'Variant Image', 'variant.image'),
(792, 38, 'Variant Weight Unit', 'variant.weight_unit'),
(793, 38, 'Handle', 'product.slug'),
(794, 38, 'Title', 'product.name'),
(795, 38, 'Body (HTML)', 'product.description'),
(796, 38, 'Vendor', 'product.brand'),
(797, 38, 'Type', 'product.type'),
(798, 38, 'Tags', 'product.tags'),
(799, 38, 'Option1 Name', 'attribute1.name'),
(800, 38, 'Option1 Value', 'attribute1.value'),
(801, 38, 'Option2 Name', 'attribute2.name'),
(802, 38, 'Option2 Value', 'attribute2.value'),
(803, 38, 'Option3 Name', 'attribute3.name'),
(804, 38, 'Option3 Value', 'attribute3.value'),
(805, 38, 'Variant SKU', 'variant.sku'),
(806, 38, 'Variant Grams', 'variant.weight'),
(807, 38, 'Variant Inventory Qty', 'variant.stock'),
(808, 38, 'Variant Price', 'variant.price'),
(809, 38, 'Variant Compare At Price', 'variant.compare_at_price'),
(810, 38, 'Variant Requires Shipping', 'variant.requires_shipping'),
(811, 38, 'Variant Barcode', 'variant.barcode'),
(812, 38, 'Image Src', 'product.image'),
(813, 38, 'Variant Image', 'variant.image'),
(814, 38, 'Variant Weight Unit', 'variant.weight_unit'),
(815, 38, 'Handle', 'product.slug'),
(816, 38, 'Title', 'product.name'),
(817, 38, 'Body (HTML)', 'product.description'),
(818, 38, 'Vendor', 'product.brand'),
(819, 38, 'Type', 'product.type'),
(820, 38, 'Tags', 'product.tags'),
(821, 38, 'Option1 Name', 'attribute1.name'),
(822, 38, 'Option1 Value', 'attribute1.value'),
(823, 38, 'Option2 Name', 'attribute2.name'),
(824, 38, 'Option2 Value', 'attribute2.value'),
(825, 38, 'Option3 Name', 'attribute3.name'),
(826, 38, 'Option3 Value', 'attribute3.value'),
(827, 38, 'Variant SKU', 'variant.sku'),
(828, 38, 'Variant Grams', 'variant.weight'),
(829, 38, 'Variant Inventory Qty', 'variant.stock'),
(830, 38, 'Variant Price', 'variant.price'),
(831, 38, 'Variant Compare At Price', 'variant.compare_at_price'),
(832, 38, 'Variant Requires Shipping', 'variant.requires_shipping'),
(833, 38, 'Variant Barcode', 'variant.barcode'),
(834, 38, 'Image Src', 'product.image'),
(835, 38, 'Variant Image', 'variant.image'),
(836, 38, 'Variant Weight Unit', 'variant.weight_unit'),
(837, 38, 'Handle', 'product.slug'),
(838, 38, 'Title', 'product.name'),
(839, 38, 'Body (HTML)', 'product.description'),
(840, 38, 'Vendor', 'product.brand'),
(841, 38, 'Type', 'product.type'),
(842, 38, 'Tags', 'product.tags'),
(843, 38, 'Option1 Name', 'attribute1.name'),
(844, 38, 'Option1 Value', 'attribute1.value'),
(845, 38, 'Option2 Name', 'attribute2.name'),
(846, 38, 'Option2 Value', 'attribute2.value'),
(847, 38, 'Option3 Name', 'attribute3.name'),
(848, 38, 'Option3 Value', 'attribute3.value'),
(849, 38, 'Variant SKU', 'variant.sku'),
(850, 38, 'Variant Grams', 'variant.weight'),
(851, 38, 'Variant Inventory Qty', 'variant.stock'),
(852, 38, 'Variant Price', 'variant.price'),
(853, 38, 'Variant Compare At Price', 'variant.compare_at_price'),
(854, 38, 'Variant Requires Shipping', 'variant.requires_shipping'),
(855, 38, 'Variant Barcode', 'variant.barcode'),
(856, 38, 'Image Src', 'product.image'),
(857, 38, 'Variant Image', 'variant.image'),
(858, 38, 'Variant Weight Unit', 'variant.weight_unit'),
(859, 38, 'Handle', 'product.slug'),
(860, 38, 'Title', 'product.name'),
(861, 38, 'Body (HTML)', 'product.description'),
(862, 38, 'Vendor', 'product.brand'),
(863, 38, 'Type', 'product.type'),
(864, 38, 'Tags', 'product.tags'),
(865, 38, 'Option1 Name', 'attribute1.name'),
(866, 38, 'Option1 Value', 'attribute1.value'),
(867, 38, 'Option2 Name', 'attribute2.name'),
(868, 38, 'Option2 Value', 'attribute2.value'),
(869, 38, 'Option3 Name', 'attribute3.name'),
(870, 38, 'Option3 Value', 'attribute3.value'),
(871, 38, 'Variant SKU', 'variant.sku'),
(872, 38, 'Variant Grams', 'variant.weight'),
(873, 38, 'Variant Inventory Qty', 'variant.stock'),
(874, 38, 'Variant Price', 'variant.price'),
(875, 38, 'Variant Compare At Price', 'variant.compare_at_price'),
(876, 38, 'Variant Requires Shipping', 'variant.requires_shipping'),
(877, 38, 'Variant Barcode', 'variant.barcode'),
(878, 38, 'Image Src', 'product.image'),
(879, 38, 'Variant Image', 'variant.image'),
(880, 38, 'Variant Weight Unit', 'variant.weight_unit'),
(881, 38, 'Handle', 'product.slug'),
(882, 38, 'Title', 'product.name'),
(883, 38, 'Body (HTML)', 'product.description'),
(884, 38, 'Vendor', 'product.brand'),
(885, 38, 'Type', 'product.type'),
(886, 38, 'Tags', 'product.tags'),
(887, 38, 'Option1 Name', 'attribute1.name'),
(888, 38, 'Option1 Value', 'attribute1.value'),
(889, 38, 'Option2 Name', 'attribute2.name'),
(890, 38, 'Option2 Value', 'attribute2.value'),
(891, 38, 'Option3 Name', 'attribute3.name'),
(892, 38, 'Option3 Value', 'attribute3.value'),
(893, 38, 'Variant SKU', 'variant.sku'),
(894, 38, 'Variant Grams', 'variant.weight'),
(895, 38, 'Variant Inventory Qty', 'variant.stock'),
(896, 38, 'Variant Price', 'variant.price'),
(897, 38, 'Variant Compare At Price', 'variant.compare_at_price'),
(898, 38, 'Variant Requires Shipping', 'variant.requires_shipping'),
(899, 38, 'Variant Barcode', 'variant.barcode'),
(900, 38, 'Image Src', 'product.image'),
(901, 38, 'Variant Image', 'variant.image'),
(902, 38, 'Variant Weight Unit', 'variant.weight_unit'),
(903, 38, 'Handle', 'product.slug'),
(904, 38, 'Title', 'product.name'),
(905, 38, 'Body (HTML)', 'product.description'),
(906, 38, 'Vendor', 'product.brand'),
(907, 38, 'Type', 'product.type'),
(908, 38, 'Tags', 'product.tags'),
(909, 38, 'Option1 Name', 'attribute1.name'),
(910, 38, 'Option1 Value', 'attribute1.value'),
(911, 38, 'Option2 Name', 'attribute2.name'),
(912, 38, 'Option2 Value', 'attribute2.value'),
(913, 38, 'Option3 Name', 'attribute3.name'),
(914, 38, 'Option3 Value', 'attribute3.value'),
(915, 38, 'Variant SKU', 'variant.sku'),
(916, 38, 'Variant Grams', 'variant.weight'),
(917, 38, 'Variant Inventory Qty', 'variant.stock'),
(918, 38, 'Variant Price', 'variant.price'),
(919, 38, 'Variant Compare At Price', 'variant.compare_at_price'),
(920, 38, 'Variant Requires Shipping', 'variant.requires_shipping'),
(921, 38, 'Variant Barcode', 'variant.barcode'),
(922, 38, 'Image Src', 'product.image'),
(923, 38, 'Variant Image', 'variant.image'),
(924, 38, 'Variant Weight Unit', 'variant.weight_unit'),
(925, 39, 'Handle', 'product.slug'),
(926, 39, 'Title', 'product.name'),
(927, 39, 'Body (HTML)', 'product.description'),
(928, 39, 'Vendor', 'product.brand'),
(929, 39, 'Type', 'product.type'),
(930, 39, 'Tags', 'product.tags'),
(931, 39, 'Option1 Name', 'attribute1.name'),
(932, 39, 'Option1 Value', 'attribute1.value'),
(933, 39, 'Option2 Name', 'attribute2.name'),
(934, 39, 'Option2 Value', 'attribute2.value'),
(935, 39, 'Option3 Name', 'attribute3.name'),
(936, 39, 'Option3 Value', 'attribute3.value'),
(937, 39, 'Variant SKU', 'variant.sku'),
(938, 39, 'Variant Grams', 'variant.weight'),
(939, 39, 'Variant Inventory Qty', 'variant.stock'),
(940, 39, 'Variant Price', 'variant.price'),
(941, 39, 'Variant Compare At Price', 'variant.compare_at_price'),
(942, 39, 'Variant Requires Shipping', 'variant.requires_shipping'),
(943, 39, 'Variant Barcode', 'variant.barcode'),
(944, 39, 'Image Src', 'product.image'),
(945, 39, 'Variant Image', 'variant.image'),
(946, 39, 'Variant Weight Unit', 'variant.weight_unit'),
(947, 40, 'Handle', 'product.slug'),
(948, 40, 'Title', 'product.name'),
(949, 40, 'Body (HTML)', 'product.description'),
(950, 40, 'Vendor', 'product.brand'),
(951, 40, 'Type', 'product.type'),
(952, 40, 'Tags', 'product.tags'),
(953, 40, 'Option1 Name', 'attribute1.name'),
(954, 40, 'Option1 Value', 'attribute1.value'),
(955, 40, 'Option2 Name', 'attribute2.name'),
(956, 40, 'Option2 Value', 'attribute2.value'),
(957, 40, 'Option3 Name', 'attribute3.name'),
(958, 40, 'Option3 Value', 'attribute3.value'),
(959, 40, 'Variant SKU', 'variant.sku'),
(960, 40, 'Variant Grams', 'variant.weight'),
(961, 40, 'Variant Inventory Qty', 'variant.stock'),
(962, 40, 'Variant Price', 'variant.price'),
(963, 40, 'Variant Compare At Price', 'variant.compare_at_price'),
(964, 40, 'Variant Requires Shipping', 'variant.requires_shipping'),
(965, 40, 'Variant Barcode', 'variant.barcode'),
(966, 40, 'Image Src', 'product.image'),
(967, 40, 'Variant Image', 'variant.image'),
(968, 40, 'Variant Weight Unit', 'variant.weight_unit'),
(969, 41, 'Handle', 'product.slug'),
(970, 41, 'Title', 'product.name'),
(971, 41, 'Body (HTML)', 'product.description'),
(972, 41, 'Vendor', 'product.brand'),
(973, 41, 'Type', 'product.type'),
(974, 41, 'Tags', 'product.tags'),
(975, 41, 'Option1 Name', 'attribute1.name'),
(976, 41, 'Option1 Value', 'attribute1.value'),
(977, 41, 'Option2 Name', 'attribute2.name'),
(978, 41, 'Option2 Value', 'attribute2.value'),
(979, 41, 'Option3 Name', 'attribute3.name'),
(980, 41, 'Option3 Value', 'attribute3.value'),
(981, 41, 'Variant SKU', 'variant.sku'),
(982, 41, 'Variant Grams', 'variant.weight'),
(983, 41, 'Variant Inventory Qty', 'variant.stock'),
(984, 41, 'Variant Price', 'variant.price'),
(985, 41, 'Variant Compare At Price', 'variant.compare_at_price'),
(986, 41, 'Variant Requires Shipping', 'variant.requires_shipping'),
(987, 41, 'Variant Barcode', 'variant.barcode'),
(988, 41, 'Image Src', 'product.image'),
(989, 41, 'Variant Image', 'variant.image'),
(990, 41, 'Variant Weight Unit', 'variant.weight_unit'),
(991, 42, 'Handle', 'product.slug'),
(992, 42, 'Title', 'product.name'),
(993, 42, 'Body (HTML)', 'product.description'),
(994, 42, 'Vendor', 'product.brand'),
(995, 42, 'Type', 'product.type'),
(996, 42, 'Tags', 'product.tags'),
(997, 42, 'Option1 Name', 'attribute1.name'),
(998, 42, 'Option1 Value', 'attribute1.value'),
(999, 42, 'Option2 Name', 'attribute2.name'),
(1000, 42, 'Option2 Value', 'attribute2.value'),
(1001, 42, 'Option3 Name', 'attribute3.name'),
(1002, 42, 'Option3 Value', 'attribute3.value'),
(1003, 42, 'Variant SKU', 'variant.sku'),
(1004, 42, 'Variant Grams', 'variant.weight'),
(1005, 42, 'Variant Inventory Qty', 'variant.stock'),
(1006, 42, 'Variant Price', 'variant.price'),
(1007, 42, 'Variant Compare At Price', 'variant.compare_at_price'),
(1008, 42, 'Variant Requires Shipping', 'variant.requires_shipping'),
(1009, 42, 'Variant Barcode', 'variant.barcode'),
(1010, 42, 'Image Src', 'product.image'),
(1011, 42, 'Variant Image', 'variant.image'),
(1012, 42, 'Variant Weight Unit', 'variant.weight_unit'),
(1013, 42, 'Handle', 'product.slug'),
(1014, 42, 'Title', 'product.name'),
(1015, 42, 'Body (HTML)', 'product.description'),
(1016, 42, 'Vendor', 'product.brand'),
(1017, 42, 'Type', 'product.type'),
(1018, 42, 'Tags', 'product.tags'),
(1019, 42, 'Option1 Name', 'attribute1.name'),
(1020, 42, 'Option1 Value', 'attribute1.value'),
(1021, 42, 'Option2 Name', 'attribute2.name'),
(1022, 42, 'Option2 Value', 'attribute2.value'),
(1023, 42, 'Option3 Name', 'attribute3.name'),
(1024, 42, 'Option3 Value', 'attribute3.value'),
(1025, 42, 'Variant SKU', 'variant.sku'),
(1026, 42, 'Variant Grams', 'variant.weight'),
(1027, 42, 'Variant Inventory Qty', 'variant.stock'),
(1028, 42, 'Variant Price', 'variant.price'),
(1029, 42, 'Variant Compare At Price', 'variant.compare_at_price'),
(1030, 42, 'Variant Requires Shipping', 'variant.requires_shipping'),
(1031, 42, 'Variant Barcode', 'variant.barcode'),
(1032, 42, 'Image Src', 'product.image'),
(1033, 42, 'Variant Image', 'variant.image'),
(1034, 42, 'Variant Weight Unit', 'variant.weight_unit'),
(1035, 42, 'Handle', 'product.slug'),
(1036, 42, 'Title', 'product.name'),
(1037, 42, 'Body (HTML)', 'product.description'),
(1038, 42, 'Vendor', 'product.brand'),
(1039, 42, 'Type', 'product.type'),
(1040, 42, 'Tags', 'product.tags'),
(1041, 42, 'Option1 Name', 'attribute1.name'),
(1042, 42, 'Option1 Value', 'attribute1.value'),
(1043, 42, 'Option2 Name', 'attribute2.name'),
(1044, 42, 'Option2 Value', 'attribute2.value'),
(1045, 42, 'Option3 Name', 'attribute3.name'),
(1046, 42, 'Option3 Value', 'attribute3.value'),
(1047, 42, 'Variant SKU', 'variant.sku'),
(1048, 42, 'Variant Grams', 'variant.weight'),
(1049, 42, 'Variant Inventory Qty', 'variant.stock'),
(1050, 42, 'Variant Price', 'variant.price'),
(1051, 42, 'Variant Compare At Price', 'variant.compare_at_price'),
(1052, 42, 'Variant Requires Shipping', 'variant.requires_shipping'),
(1053, 42, 'Variant Barcode', 'variant.barcode'),
(1054, 42, 'Image Src', 'product.image'),
(1055, 42, 'Variant Image', 'variant.image'),
(1056, 42, 'Variant Weight Unit', 'variant.weight_unit'),
(1057, 43, 'Handle', 'product.slug'),
(1058, 43, 'Title', 'product.name'),
(1059, 43, 'Body (HTML)', 'product.description'),
(1060, 43, 'Vendor', 'product.brand'),
(1061, 43, 'Type', 'product.type'),
(1062, 43, 'Tags', 'product.tags'),
(1063, 43, 'Option1 Name', 'attribute1.name'),
(1064, 43, 'Option1 Value', 'attribute1.value'),
(1065, 43, 'Option2 Name', 'attribute2.name'),
(1066, 43, 'Option2 Value', 'attribute2.value'),
(1067, 43, 'Option3 Name', 'attribute3.name'),
(1068, 43, 'Option3 Value', 'attribute3.value'),
(1069, 43, 'Variant SKU', 'variant.sku'),
(1070, 43, 'Variant Grams', 'variant.weight'),
(1071, 43, 'Variant Inventory Qty', 'variant.stock'),
(1072, 43, 'Variant Price', 'variant.price'),
(1073, 43, 'Variant Compare At Price', 'variant.compare_at_price'),
(1074, 43, 'Variant Requires Shipping', 'variant.requires_shipping'),
(1075, 43, 'Variant Barcode', 'variant.barcode'),
(1076, 43, 'Image Src', 'product.image'),
(1077, 43, 'Variant Image', 'variant.image'),
(1078, 43, 'Variant Weight Unit', 'variant.weight_unit'),
(1079, 43, 'Handle', 'product.slug'),
(1080, 43, 'Title', 'product.name'),
(1081, 43, 'Body (HTML)', 'product.description'),
(1082, 43, 'Vendor', 'product.brand'),
(1083, 43, 'Type', 'product.type'),
(1084, 43, 'Tags', 'product.tags'),
(1085, 43, 'Option1 Name', 'attribute1.name'),
(1086, 43, 'Option1 Value', 'attribute1.value'),
(1087, 43, 'Option2 Name', 'attribute2.name'),
(1088, 43, 'Option2 Value', 'attribute2.value'),
(1089, 43, 'Option3 Name', 'attribute3.name'),
(1090, 43, 'Option3 Value', 'attribute3.value'),
(1091, 43, 'Variant SKU', 'variant.sku'),
(1092, 43, 'Variant Grams', 'variant.weight'),
(1093, 43, 'Variant Inventory Qty', 'variant.stock'),
(1094, 43, 'Variant Price', 'variant.price'),
(1095, 43, 'Variant Compare At Price', 'variant.compare_at_price'),
(1096, 43, 'Variant Requires Shipping', 'variant.requires_shipping'),
(1097, 43, 'Variant Barcode', 'variant.barcode'),
(1098, 43, 'Image Src', 'product.image'),
(1099, 43, 'Variant Image', 'variant.image'),
(1100, 43, 'Variant Weight Unit', 'variant.weight_unit'),
(1101, 43, 'Handle', 'product.slug'),
(1102, 43, 'Title', 'product.name'),
(1103, 43, 'Body (HTML)', 'product.description'),
(1104, 43, 'Vendor', 'product.brand'),
(1105, 43, 'Type', 'product.type'),
(1106, 43, 'Tags', 'product.tags'),
(1107, 43, 'Option1 Name', 'attribute1.name'),
(1108, 43, 'Option1 Value', 'attribute1.value'),
(1109, 43, 'Option2 Name', 'attribute2.name'),
(1110, 43, 'Option2 Value', 'attribute2.value'),
(1111, 43, 'Option3 Name', 'attribute3.name'),
(1112, 43, 'Option3 Value', 'attribute3.value'),
(1113, 43, 'Variant SKU', 'variant.sku'),
(1114, 43, 'Variant Grams', 'variant.weight'),
(1115, 43, 'Variant Inventory Qty', 'variant.stock'),
(1116, 43, 'Variant Price', 'variant.price'),
(1117, 43, 'Variant Compare At Price', 'variant.compare_at_price'),
(1118, 43, 'Variant Requires Shipping', 'variant.requires_shipping'),
(1119, 43, 'Variant Barcode', 'variant.barcode'),
(1120, 43, 'Image Src', 'product.image'),
(1121, 43, 'Variant Image', 'variant.image');
INSERT INTO `job_mappings` (`id`, `job_id`, `source_column`, `universal_field`) VALUES
(1122, 43, 'Variant Weight Unit', 'variant.weight_unit'),
(1123, 43, 'Handle', 'product.slug'),
(1124, 43, 'Title', 'product.name'),
(1125, 43, 'Body (HTML)', 'product.description'),
(1126, 43, 'Vendor', 'product.brand'),
(1127, 43, 'Type', 'product.type'),
(1128, 43, 'Tags', 'product.tags'),
(1129, 43, 'Option1 Name', 'attribute1.name'),
(1130, 43, 'Option1 Value', 'attribute1.value'),
(1131, 43, 'Option2 Name', 'attribute2.name'),
(1132, 43, 'Option2 Value', 'attribute2.value'),
(1133, 43, 'Option3 Name', 'attribute3.name'),
(1134, 43, 'Option3 Value', 'attribute3.value'),
(1135, 43, 'Variant SKU', 'variant.sku'),
(1136, 43, 'Variant Grams', 'variant.weight'),
(1137, 43, 'Variant Inventory Qty', 'variant.stock'),
(1138, 43, 'Variant Price', 'variant.price'),
(1139, 43, 'Variant Compare At Price', 'variant.compare_at_price'),
(1140, 43, 'Variant Requires Shipping', 'variant.requires_shipping'),
(1141, 43, 'Variant Barcode', 'variant.barcode'),
(1142, 43, 'Image Src', 'product.image'),
(1143, 43, 'Variant Image', 'variant.image'),
(1144, 43, 'Variant Weight Unit', 'variant.weight_unit'),
(1145, 43, 'Handle', 'product.slug'),
(1146, 43, 'Title', 'product.name'),
(1147, 43, 'Body (HTML)', 'product.description'),
(1148, 43, 'Vendor', 'product.brand'),
(1149, 43, 'Type', 'product.type'),
(1150, 43, 'Tags', 'product.tags'),
(1151, 43, 'Option1 Name', 'attribute1.name'),
(1152, 43, 'Option1 Value', 'attribute1.value'),
(1153, 43, 'Option2 Name', 'attribute2.name'),
(1154, 43, 'Option2 Value', 'attribute2.value'),
(1155, 43, 'Option3 Name', 'attribute3.name'),
(1156, 43, 'Option3 Value', 'attribute3.value'),
(1157, 43, 'Variant SKU', 'variant.sku'),
(1158, 43, 'Variant Grams', 'variant.weight'),
(1159, 43, 'Variant Inventory Qty', 'variant.stock'),
(1160, 43, 'Variant Price', 'variant.price'),
(1161, 43, 'Variant Compare At Price', 'variant.compare_at_price'),
(1162, 43, 'Variant Requires Shipping', 'variant.requires_shipping'),
(1163, 43, 'Variant Barcode', 'variant.barcode'),
(1164, 43, 'Image Src', 'product.image'),
(1165, 43, 'Variant Image', 'variant.image'),
(1166, 43, 'Variant Weight Unit', 'variant.weight_unit'),
(1167, 44, 'Handle', 'product.slug'),
(1168, 44, 'Title', 'product.name'),
(1169, 44, 'Body (HTML)', 'product.description'),
(1170, 44, 'Vendor', 'product.brand'),
(1171, 44, 'Type', 'product.type'),
(1172, 44, 'Tags', 'product.tags'),
(1173, 44, 'Option1 Name', 'attribute1.name'),
(1174, 44, 'Option1 Value', 'attribute1.value'),
(1175, 44, 'Option2 Name', 'attribute2.name'),
(1176, 44, 'Option2 Value', 'attribute2.value'),
(1177, 44, 'Option3 Name', 'attribute3.name'),
(1178, 44, 'Option3 Value', 'attribute3.value'),
(1179, 44, 'Variant SKU', 'variant.sku'),
(1180, 44, 'Variant Grams', 'variant.weight'),
(1181, 44, 'Variant Inventory Qty', 'variant.stock'),
(1182, 44, 'Variant Price', 'variant.price'),
(1183, 44, 'Variant Compare At Price', 'variant.compare_at_price'),
(1184, 44, 'Variant Requires Shipping', 'variant.requires_shipping'),
(1185, 44, 'Variant Barcode', 'variant.barcode'),
(1186, 44, 'Image Src', 'product.image'),
(1187, 44, 'Variant Image', 'variant.image'),
(1188, 44, 'Variant Weight Unit', 'variant.weight_unit'),
(1189, 51, 'Handle', 'product.slug'),
(1190, 51, 'Title', 'product.name'),
(1191, 51, 'Body (HTML)', 'product.description'),
(1192, 51, 'Vendor', 'product.brand'),
(1193, 51, 'Type', 'product.type'),
(1194, 51, 'Tags', 'product.tags'),
(1195, 51, 'Option1 Name', 'attribute1.name'),
(1196, 51, 'Option1 Value', 'attribute1.value'),
(1197, 51, 'Option2 Name', 'attribute2.name'),
(1198, 51, 'Option2 Value', 'attribute2.value'),
(1199, 51, 'Option3 Name', 'attribute3.name'),
(1200, 51, 'Option3 Value', 'attribute3.value'),
(1201, 51, 'Variant SKU', 'variant.sku'),
(1202, 51, 'Variant Grams', 'variant.weight'),
(1203, 51, 'Variant Inventory Qty', 'variant.stock'),
(1204, 51, 'Variant Price', 'variant.price'),
(1205, 51, 'Variant Compare At Price', 'variant.compare_at_price'),
(1206, 51, 'Variant Requires Shipping', 'variant.requires_shipping'),
(1207, 51, 'Variant Barcode', 'variant.barcode'),
(1208, 51, 'Image Src', 'product.image'),
(1209, 51, 'Variant Image', 'variant.image'),
(1210, 51, 'Variant Weight Unit', 'variant.weight_unit'),
(1211, 51, 'Handle', 'product.slug'),
(1212, 51, 'Title', 'product.name'),
(1213, 51, 'Body (HTML)', 'product.description'),
(1214, 51, 'Vendor', 'product.brand'),
(1215, 51, 'Type', 'product.type'),
(1216, 51, 'Tags', 'product.tags'),
(1217, 51, 'Option1 Name', 'attribute1.name'),
(1218, 51, 'Option1 Value', 'attribute1.value'),
(1219, 51, 'Option2 Name', 'attribute2.name'),
(1220, 51, 'Option2 Value', 'attribute2.value'),
(1221, 51, 'Option3 Name', 'attribute3.name'),
(1222, 51, 'Option3 Value', 'attribute3.value'),
(1223, 51, 'Variant SKU', 'variant.sku'),
(1224, 51, 'Variant Grams', 'variant.weight'),
(1225, 51, 'Variant Inventory Qty', 'variant.stock'),
(1226, 51, 'Variant Price', 'variant.price'),
(1227, 51, 'Variant Compare At Price', 'variant.compare_at_price'),
(1228, 51, 'Variant Requires Shipping', 'variant.requires_shipping'),
(1229, 51, 'Variant Barcode', 'variant.barcode'),
(1230, 51, 'Image Src', 'product.image'),
(1231, 51, 'Variant Image', 'variant.image'),
(1232, 51, 'Variant Weight Unit', 'variant.weight_unit'),
(1233, 52, 'Handle', 'product.slug'),
(1234, 52, 'Title', 'product.name'),
(1235, 52, 'Body (HTML)', 'product.description'),
(1236, 52, 'Vendor', 'product.brand'),
(1237, 52, 'Type', 'product.type'),
(1238, 52, 'Tags', 'product.tags'),
(1239, 52, 'Option1 Name', 'attribute1.name'),
(1240, 52, 'Option1 Value', 'attribute1.value'),
(1241, 52, 'Option2 Name', 'attribute2.name'),
(1242, 52, 'Option2 Value', 'attribute2.value'),
(1243, 52, 'Option3 Name', 'attribute3.name'),
(1244, 52, 'Option3 Value', 'attribute3.value'),
(1245, 52, 'Variant SKU', 'variant.sku'),
(1246, 52, 'Variant Grams', 'variant.weight'),
(1247, 52, 'Variant Inventory Qty', 'variant.stock'),
(1248, 52, 'Variant Price', 'variant.price'),
(1249, 52, 'Variant Compare At Price', 'variant.compare_at_price'),
(1250, 52, 'Variant Requires Shipping', 'variant.requires_shipping'),
(1251, 52, 'Variant Barcode', 'variant.barcode'),
(1252, 52, 'Image Src', 'product.image'),
(1253, 52, 'Variant Image', 'variant.image'),
(1254, 52, 'Variant Weight Unit', 'variant.weight_unit'),
(1255, 53, 'Handle', 'product.slug'),
(1256, 53, 'Title', 'product.name'),
(1257, 53, 'Body (HTML)', 'product.description'),
(1258, 53, 'Vendor', 'product.brand'),
(1259, 53, 'Type', 'product.type'),
(1260, 53, 'Tags', 'product.tags'),
(1261, 53, 'Option1 Name', 'attribute1.name'),
(1262, 53, 'Option1 Value', 'attribute1.value'),
(1263, 53, 'Option2 Name', 'attribute2.name'),
(1264, 53, 'Option2 Value', 'attribute2.value'),
(1265, 53, 'Option3 Name', 'attribute3.name'),
(1266, 53, 'Option3 Value', 'attribute3.value'),
(1267, 53, 'Variant SKU', 'variant.sku'),
(1268, 53, 'Variant Grams', 'variant.weight'),
(1269, 53, 'Variant Inventory Qty', 'variant.stock'),
(1270, 53, 'Variant Price', 'variant.price'),
(1271, 53, 'Variant Compare At Price', 'variant.compare_at_price'),
(1272, 53, 'Variant Requires Shipping', 'variant.requires_shipping'),
(1273, 53, 'Variant Barcode', 'variant.barcode'),
(1274, 53, 'Image Src', 'product.image'),
(1275, 53, 'Variant Image', 'variant.image'),
(1276, 53, 'Variant Weight Unit', 'variant.weight_unit'),
(1277, 55, 'Handle', 'product.slug'),
(1278, 55, 'Title', 'product.name'),
(1279, 55, 'Body (HTML)', 'product.description'),
(1280, 55, 'Vendor', 'product.brand'),
(1281, 55, 'Type', 'product.type'),
(1282, 55, 'Tags', 'product.tags'),
(1283, 55, 'Option1 Name', 'attribute1.name'),
(1284, 55, 'Option1 Value', 'attribute1.value'),
(1285, 55, 'Option2 Name', 'attribute2.name'),
(1286, 55, 'Option2 Value', 'attribute2.value'),
(1287, 55, 'Option3 Name', 'attribute3.name'),
(1288, 55, 'Option3 Value', 'attribute3.value'),
(1289, 55, 'Variant SKU', 'variant.sku'),
(1290, 55, 'Variant Grams', 'variant.weight'),
(1291, 55, 'Variant Inventory Qty', 'variant.stock'),
(1292, 55, 'Variant Price', 'variant.price'),
(1293, 55, 'Variant Compare At Price', 'variant.compare_at_price'),
(1294, 55, 'Variant Requires Shipping', 'variant.requires_shipping'),
(1295, 55, 'Variant Barcode', 'variant.barcode'),
(1296, 55, 'Image Src', 'product.image'),
(1297, 55, 'Variant Image', 'variant.image'),
(1298, 55, 'Variant Weight Unit', 'variant.weight_unit'),
(1299, 55, 'Handle', 'product.slug'),
(1300, 55, 'Title', 'product.name'),
(1301, 55, 'Body (HTML)', 'product.description'),
(1302, 55, 'Vendor', 'product.brand'),
(1303, 55, 'Type', 'product.type'),
(1304, 55, 'Tags', 'product.tags'),
(1305, 55, 'Option1 Name', 'attribute1.name'),
(1306, 55, 'Option1 Value', 'attribute1.value'),
(1307, 55, 'Option2 Name', 'attribute2.name'),
(1308, 55, 'Option2 Value', 'attribute2.value'),
(1309, 55, 'Option3 Name', 'attribute3.name'),
(1310, 55, 'Option3 Value', 'attribute3.value'),
(1311, 55, 'Variant SKU', 'variant.sku'),
(1312, 55, 'Variant Grams', 'variant.weight'),
(1313, 55, 'Variant Inventory Qty', 'variant.stock'),
(1314, 55, 'Variant Price', 'variant.price'),
(1315, 55, 'Variant Compare At Price', 'variant.compare_at_price'),
(1316, 55, 'Variant Requires Shipping', 'variant.requires_shipping'),
(1317, 55, 'Variant Barcode', 'variant.barcode'),
(1318, 55, 'Image Src', 'product.image'),
(1319, 55, 'Variant Image', 'variant.image'),
(1320, 55, 'Variant Weight Unit', 'variant.weight_unit'),
(1321, 56, 'Handle', 'product.slug'),
(1322, 56, 'Title', 'product.name'),
(1323, 56, 'Body (HTML)', 'product.description'),
(1324, 56, 'Vendor', 'product.brand'),
(1325, 56, 'Type', 'product.type'),
(1326, 56, 'Tags', 'product.tags'),
(1327, 56, 'Option1 Name', 'attribute1.name'),
(1328, 56, 'Option1 Value', 'attribute1.value'),
(1329, 56, 'Option2 Name', 'attribute2.name'),
(1330, 56, 'Option2 Value', 'attribute2.value'),
(1331, 56, 'Option3 Name', 'attribute3.name'),
(1332, 56, 'Option3 Value', 'attribute3.value'),
(1333, 56, 'Variant SKU', 'variant.sku'),
(1334, 56, 'Variant Grams', 'variant.weight'),
(1335, 56, 'Variant Inventory Qty', 'variant.stock'),
(1336, 56, 'Variant Price', 'variant.price'),
(1337, 56, 'Variant Compare At Price', 'variant.compare_at_price'),
(1338, 56, 'Variant Requires Shipping', 'variant.requires_shipping'),
(1339, 56, 'Variant Barcode', 'variant.barcode'),
(1340, 56, 'Image Src', 'product.image'),
(1341, 56, 'Variant Image', 'variant.image'),
(1342, 56, 'Variant Weight Unit', 'variant.weight_unit'),
(1343, 57, 'Handle', 'product.slug'),
(1344, 57, 'Title', 'product.name'),
(1345, 57, 'Body (HTML)', 'product.description'),
(1346, 57, 'Vendor', 'product.brand'),
(1347, 57, 'Type', 'product.type'),
(1348, 57, 'Tags', 'product.tags'),
(1349, 57, 'Option1 Name', 'attribute1.name'),
(1350, 57, 'Option1 Value', 'attribute1.value'),
(1351, 57, 'Option2 Name', 'attribute2.name'),
(1352, 57, 'Option2 Value', 'attribute2.value'),
(1353, 57, 'Option3 Name', 'attribute3.name'),
(1354, 57, 'Option3 Value', 'attribute3.value'),
(1355, 57, 'Variant SKU', 'variant.sku'),
(1356, 57, 'Variant Grams', 'variant.weight'),
(1357, 57, 'Variant Inventory Qty', 'variant.stock'),
(1358, 57, 'Variant Price', 'variant.price'),
(1359, 57, 'Variant Compare At Price', 'variant.compare_at_price'),
(1360, 57, 'Variant Requires Shipping', 'variant.requires_shipping'),
(1361, 57, 'Variant Barcode', 'variant.barcode'),
(1362, 57, 'Image Src', 'product.image'),
(1363, 57, 'Variant Image', 'variant.image'),
(1364, 57, 'Variant Weight Unit', 'variant.weight_unit'),
(1365, 58, 'Handle', 'product.slug'),
(1366, 58, 'Title', 'product.name'),
(1367, 58, 'Body (HTML)', 'product.description'),
(1368, 58, 'Vendor', 'product.brand'),
(1369, 58, 'Type', 'product.type'),
(1370, 58, 'Tags', 'product.tags'),
(1371, 58, 'Option1 Name', 'attribute1.name'),
(1372, 58, 'Option1 Value', 'attribute1.value'),
(1373, 58, 'Option2 Name', 'attribute2.name'),
(1374, 58, 'Option2 Value', 'attribute2.value'),
(1375, 58, 'Option3 Name', 'attribute3.name'),
(1376, 58, 'Option3 Value', 'attribute3.value'),
(1377, 58, 'Variant SKU', 'variant.sku'),
(1378, 58, 'Variant Grams', 'variant.weight'),
(1379, 58, 'Variant Inventory Qty', 'variant.stock'),
(1380, 58, 'Variant Price', 'variant.price'),
(1381, 58, 'Variant Compare At Price', 'variant.compare_at_price'),
(1382, 58, 'Variant Requires Shipping', 'variant.requires_shipping'),
(1383, 58, 'Variant Barcode', 'variant.barcode'),
(1384, 58, 'Image Src', 'product.image'),
(1385, 58, 'Variant Image', 'variant.image'),
(1386, 58, 'Variant Weight Unit', 'variant.weight_unit'),
(1387, 59, 'Handle', 'product.slug'),
(1388, 59, 'Title', 'product.name'),
(1389, 59, 'Body (HTML)', 'product.description'),
(1390, 59, 'Vendor', 'product.brand'),
(1391, 59, 'Type', 'product.type'),
(1392, 59, 'Tags', 'product.tags'),
(1393, 59, 'Option1 Name', 'attribute1.name'),
(1394, 59, 'Option1 Value', 'attribute1.value'),
(1395, 59, 'Option2 Name', 'attribute2.name'),
(1396, 59, 'Option2 Value', 'attribute2.value'),
(1397, 59, 'Option3 Name', 'attribute3.name'),
(1398, 59, 'Option3 Value', 'attribute3.value'),
(1399, 59, 'Variant SKU', 'variant.sku'),
(1400, 59, 'Variant Grams', 'variant.weight'),
(1401, 59, 'Variant Inventory Qty', 'variant.stock'),
(1402, 59, 'Variant Price', 'variant.price'),
(1403, 59, 'Variant Compare At Price', 'variant.compare_at_price'),
(1404, 59, 'Variant Requires Shipping', 'variant.requires_shipping'),
(1405, 59, 'Variant Barcode', 'variant.barcode'),
(1406, 59, 'Image Src', 'product.image'),
(1407, 59, 'Variant Image', 'variant.image'),
(1408, 59, 'Variant Weight Unit', 'variant.weight_unit'),
(1409, 60, 'Handle', 'product.slug'),
(1410, 60, 'Title', 'product.name'),
(1411, 60, 'Body (HTML)', 'product.description'),
(1412, 60, 'Vendor', 'product.brand'),
(1413, 60, 'Type', 'product.type'),
(1414, 60, 'Tags', 'product.tags'),
(1415, 60, 'Option1 Name', 'attribute1.name'),
(1416, 60, 'Option1 Value', 'attribute1.value'),
(1417, 60, 'Option2 Name', 'attribute2.name'),
(1418, 60, 'Option2 Value', 'attribute2.value'),
(1419, 60, 'Option3 Name', 'attribute3.name'),
(1420, 60, 'Option3 Value', 'attribute3.value'),
(1421, 60, 'Variant SKU', 'variant.sku'),
(1422, 60, 'Variant Grams', 'variant.weight'),
(1423, 60, 'Variant Inventory Qty', 'variant.stock'),
(1424, 60, 'Variant Price', 'variant.price'),
(1425, 60, 'Variant Compare At Price', 'variant.compare_at_price'),
(1426, 60, 'Variant Requires Shipping', 'variant.requires_shipping'),
(1427, 60, 'Variant Barcode', 'variant.barcode'),
(1428, 60, 'Image Src', 'product.image'),
(1429, 60, 'Variant Image', 'variant.image'),
(1430, 60, 'Variant Weight Unit', 'variant.weight_unit'),
(1431, 61, 'Handle', 'product.slug'),
(1432, 61, 'Title', 'product.name'),
(1433, 61, 'Body (HTML)', 'product.description'),
(1434, 61, 'Vendor', 'product.brand'),
(1435, 61, 'Type', 'product.type'),
(1436, 61, 'Tags', 'product.tags'),
(1437, 61, 'Option1 Name', 'attribute1.name'),
(1438, 61, 'Option1 Value', 'attribute1.value'),
(1439, 61, 'Option2 Name', 'attribute2.name'),
(1440, 61, 'Option2 Value', 'attribute2.value'),
(1441, 61, 'Option3 Name', 'attribute3.name'),
(1442, 61, 'Option3 Value', 'attribute3.value'),
(1443, 61, 'Variant SKU', 'variant.sku'),
(1444, 61, 'Variant Grams', 'variant.weight'),
(1445, 61, 'Variant Inventory Qty', 'variant.stock'),
(1446, 61, 'Variant Price', 'variant.price'),
(1447, 61, 'Variant Compare At Price', 'variant.compare_at_price'),
(1448, 61, 'Variant Requires Shipping', 'variant.requires_shipping'),
(1449, 61, 'Variant Barcode', 'variant.barcode'),
(1450, 61, 'Image Src', 'product.image'),
(1451, 61, 'Variant Image', 'variant.image'),
(1452, 61, 'Variant Weight Unit', 'variant.weight_unit'),
(1453, 61, 'Handle', 'product.slug'),
(1454, 61, 'Title', 'product.name'),
(1455, 61, 'Body (HTML)', 'product.description'),
(1456, 61, 'Vendor', 'product.brand'),
(1457, 61, 'Type', 'product.type'),
(1458, 61, 'Tags', 'product.tags'),
(1459, 61, 'Option1 Name', 'attribute1.name'),
(1460, 61, 'Option1 Value', 'attribute1.value'),
(1461, 61, 'Option2 Name', 'attribute2.name'),
(1462, 61, 'Option2 Value', 'attribute2.value'),
(1463, 61, 'Option3 Name', 'attribute3.name'),
(1464, 61, 'Option3 Value', 'attribute3.value'),
(1465, 61, 'Variant SKU', 'variant.sku'),
(1466, 61, 'Variant Grams', 'variant.weight'),
(1467, 61, 'Variant Inventory Qty', 'variant.stock'),
(1468, 61, 'Variant Price', 'variant.price'),
(1469, 61, 'Variant Compare At Price', 'variant.compare_at_price'),
(1470, 61, 'Variant Requires Shipping', 'variant.requires_shipping'),
(1471, 61, 'Variant Barcode', 'variant.barcode'),
(1472, 61, 'Image Src', 'product.image'),
(1473, 61, 'Variant Image', 'variant.image'),
(1474, 61, 'Variant Weight Unit', 'variant.weight_unit'),
(1475, 61, 'Handle', 'product.slug'),
(1476, 61, 'Title', 'product.name'),
(1477, 61, 'Body (HTML)', 'product.description'),
(1478, 61, 'Vendor', 'product.brand'),
(1479, 61, 'Type', 'product.type'),
(1480, 61, 'Tags', 'product.tags'),
(1481, 61, 'Option1 Name', 'attribute1.name'),
(1482, 61, 'Option1 Value', 'attribute1.value'),
(1483, 61, 'Option2 Name', 'attribute2.name'),
(1484, 61, 'Option2 Value', 'attribute2.value'),
(1485, 61, 'Option3 Name', 'attribute3.name'),
(1486, 61, 'Option3 Value', 'attribute3.value'),
(1487, 61, 'Variant SKU', 'variant.sku'),
(1488, 61, 'Variant Grams', 'variant.weight'),
(1489, 61, 'Variant Inventory Qty', 'variant.stock'),
(1490, 61, 'Variant Price', 'variant.price'),
(1491, 61, 'Variant Compare At Price', 'variant.compare_at_price'),
(1492, 61, 'Variant Requires Shipping', 'variant.requires_shipping'),
(1493, 61, 'Variant Barcode', 'variant.barcode'),
(1494, 61, 'Image Src', 'product.image'),
(1495, 61, 'Variant Image', 'variant.image'),
(1496, 61, 'Variant Weight Unit', 'variant.weight_unit'),
(1497, 61, 'Handle', 'product.slug'),
(1498, 61, 'Title', 'product.name'),
(1499, 61, 'Body (HTML)', 'product.description'),
(1500, 61, 'Vendor', 'product.brand'),
(1501, 61, 'Type', 'product.type'),
(1502, 61, 'Tags', 'product.tags'),
(1503, 61, 'Option1 Name', 'attribute1.name'),
(1504, 61, 'Option1 Value', 'attribute1.value'),
(1505, 61, 'Option2 Name', 'attribute2.name'),
(1506, 61, 'Option2 Value', 'attribute2.value'),
(1507, 61, 'Option3 Name', 'attribute3.name'),
(1508, 61, 'Option3 Value', 'attribute3.value'),
(1509, 61, 'Variant SKU', 'variant.sku'),
(1510, 61, 'Variant Grams', 'variant.weight'),
(1511, 61, 'Variant Inventory Qty', 'variant.stock'),
(1512, 61, 'Variant Price', 'variant.price'),
(1513, 61, 'Variant Compare At Price', 'variant.compare_at_price'),
(1514, 61, 'Variant Requires Shipping', 'variant.requires_shipping'),
(1515, 61, 'Variant Barcode', 'variant.barcode'),
(1516, 61, 'Image Src', 'product.image'),
(1517, 61, 'Variant Image', 'variant.image'),
(1518, 61, 'Variant Weight Unit', 'variant.weight_unit'),
(1519, 62, 'Handle', 'product.slug'),
(1520, 62, 'Title', 'product.name'),
(1521, 62, 'Body (HTML)', 'product.description'),
(1522, 62, 'Vendor', 'product.brand'),
(1523, 62, 'Type', 'product.type'),
(1524, 62, 'Tags', 'product.tags'),
(1525, 62, 'Option1 Name', 'attribute1.name'),
(1526, 62, 'Option1 Value', 'attribute1.value'),
(1527, 62, 'Option2 Name', 'attribute2.name'),
(1528, 62, 'Option2 Value', 'attribute2.value'),
(1529, 62, 'Option3 Name', 'attribute3.name'),
(1530, 62, 'Option3 Value', 'attribute3.value'),
(1531, 62, 'Variant SKU', 'variant.sku'),
(1532, 62, 'Variant Grams', 'variant.weight'),
(1533, 62, 'Variant Inventory Qty', 'variant.stock'),
(1534, 62, 'Variant Price', 'variant.price'),
(1535, 62, 'Variant Compare At Price', 'variant.compare_at_price'),
(1536, 62, 'Variant Requires Shipping', 'variant.requires_shipping'),
(1537, 62, 'Variant Barcode', 'variant.barcode'),
(1538, 62, 'Image Src', 'product.image'),
(1539, 62, 'Variant Image', 'variant.image'),
(1540, 62, 'Variant Weight Unit', 'variant.weight_unit'),
(1541, 69, 'Handle', 'product.slug'),
(1542, 69, 'Title', 'product.name'),
(1543, 69, 'Body (HTML)', 'product.description'),
(1544, 69, 'Vendor', 'product.brand'),
(1545, 69, 'Type', 'product.type'),
(1546, 69, 'Tags', 'product.tags'),
(1547, 69, 'Option1 Name', 'attribute1.name'),
(1548, 69, 'Option1 Value', 'attribute1.value'),
(1549, 69, 'Option2 Name', 'attribute2.name'),
(1550, 69, 'Option2 Value', 'attribute2.value'),
(1551, 69, 'Option3 Name', 'attribute3.name'),
(1552, 69, 'Option3 Value', 'attribute3.value'),
(1553, 69, 'Variant SKU', 'variant.sku'),
(1554, 69, 'Variant Grams', 'variant.weight'),
(1555, 69, 'Variant Inventory Qty', 'variant.stock'),
(1556, 69, 'Variant Price', 'variant.price'),
(1557, 69, 'Variant Compare At Price', 'variant.compare_at_price'),
(1558, 69, 'Variant Requires Shipping', 'variant.requires_shipping'),
(1559, 69, 'Variant Barcode', 'variant.barcode'),
(1560, 69, 'Image Src', 'product.image'),
(1561, 69, 'Variant Image', 'variant.image'),
(1562, 69, 'Variant Weight Unit', 'variant.weight_unit'),
(1563, 70, 'Handle', 'product.slug'),
(1564, 70, 'Title', 'product.name'),
(1565, 70, 'Body (HTML)', 'product.description'),
(1566, 70, 'Vendor', 'product.brand'),
(1567, 70, 'Type', 'product.type'),
(1568, 70, 'Tags', 'product.tags'),
(1569, 70, 'Option1 Name', 'attribute1.name'),
(1570, 70, 'Option1 Value', 'attribute1.value'),
(1571, 70, 'Option2 Name', 'attribute2.name'),
(1572, 70, 'Option2 Value', 'attribute2.value'),
(1573, 70, 'Option3 Name', 'attribute3.name'),
(1574, 70, 'Option3 Value', 'attribute3.value'),
(1575, 70, 'Variant SKU', 'variant.sku'),
(1576, 70, 'Variant Grams', 'variant.weight'),
(1577, 70, 'Variant Inventory Qty', 'variant.stock'),
(1578, 70, 'Variant Price', 'variant.price'),
(1579, 70, 'Variant Compare At Price', 'variant.compare_at_price'),
(1580, 70, 'Variant Requires Shipping', 'variant.requires_shipping'),
(1581, 70, 'Variant Barcode', 'variant.barcode'),
(1582, 70, 'Image Src', 'product.image'),
(1583, 70, 'Variant Image', 'variant.image'),
(1584, 70, 'Variant Weight Unit', 'variant.weight_unit'),
(1585, 71, 'Handle', 'product.slug'),
(1586, 71, 'Title', 'product.name'),
(1587, 71, 'Body (HTML)', 'product.description'),
(1588, 71, 'Vendor', 'product.brand'),
(1589, 71, 'Type', 'product.type'),
(1590, 71, 'Tags', 'product.tags'),
(1591, 71, 'Option1 Name', 'attribute1.name'),
(1592, 71, 'Option1 Value', 'attribute1.value'),
(1593, 71, 'Option2 Name', 'attribute2.name'),
(1594, 71, 'Option2 Value', 'attribute2.value'),
(1595, 71, 'Option3 Name', 'attribute3.name'),
(1596, 71, 'Option3 Value', 'attribute3.value'),
(1597, 71, 'Variant SKU', 'variant.sku'),
(1598, 71, 'Variant Grams', 'variant.weight'),
(1599, 71, 'Variant Inventory Qty', 'variant.stock'),
(1600, 71, 'Variant Price', 'variant.price'),
(1601, 71, 'Variant Compare At Price', 'variant.compare_at_price'),
(1602, 71, 'Variant Requires Shipping', 'variant.requires_shipping'),
(1603, 71, 'Variant Barcode', 'variant.barcode'),
(1604, 71, 'Image Src', 'product.image'),
(1605, 71, 'Variant Image', 'variant.image'),
(1606, 71, 'Variant Weight Unit', 'variant.weight_unit'),
(1607, 73, 'Handle', 'product.slug'),
(1608, 73, 'Title', 'product.name'),
(1609, 73, 'Body (HTML)', 'product.description'),
(1610, 73, 'Vendor', 'product.brand'),
(1611, 73, 'Type', 'product.type'),
(1612, 73, 'Tags', 'product.tags'),
(1613, 73, 'Option1 Name', 'attribute1.name'),
(1614, 73, 'Option1 Value', 'attribute1.value'),
(1615, 73, 'Option2 Name', 'attribute2.name'),
(1616, 73, 'Option2 Value', 'attribute2.value'),
(1617, 73, 'Option3 Name', 'attribute3.name'),
(1618, 73, 'Option3 Value', 'attribute3.value'),
(1619, 73, 'Variant SKU', 'variant.sku'),
(1620, 73, 'Variant Grams', 'variant.weight'),
(1621, 73, 'Variant Inventory Qty', 'variant.stock'),
(1622, 73, 'Variant Price', 'variant.price'),
(1623, 73, 'Variant Compare At Price', 'variant.compare_at_price'),
(1624, 73, 'Variant Requires Shipping', 'variant.requires_shipping'),
(1625, 73, 'Variant Barcode', 'variant.barcode'),
(1626, 73, 'Image Src', 'product.image'),
(1627, 73, 'Variant Image', 'variant.image'),
(1628, 73, 'Variant Weight Unit', 'variant.weight_unit'),
(1629, 74, 'Handle', 'product.slug'),
(1630, 74, 'Title', 'product.name'),
(1631, 74, 'Body (HTML)', 'product.description'),
(1632, 74, 'Vendor', 'product.brand'),
(1633, 74, 'Type', 'product.type'),
(1634, 74, 'Tags', 'product.tags'),
(1635, 74, 'Option1 Name', 'attribute1.name'),
(1636, 74, 'Option1 Value', 'attribute1.value'),
(1637, 74, 'Option2 Name', 'attribute2.name'),
(1638, 74, 'Option2 Value', 'attribute2.value'),
(1639, 74, 'Option3 Name', 'attribute3.name'),
(1640, 74, 'Option3 Value', 'attribute3.value'),
(1641, 74, 'Variant SKU', 'variant.sku'),
(1642, 74, 'Variant Grams', 'variant.weight'),
(1643, 74, 'Variant Inventory Qty', 'variant.stock'),
(1644, 74, 'Variant Price', 'variant.price'),
(1645, 74, 'Variant Compare At Price', 'variant.compare_at_price'),
(1646, 74, 'Variant Requires Shipping', 'variant.requires_shipping'),
(1647, 74, 'Variant Barcode', 'variant.barcode'),
(1648, 74, 'Image Src', 'product.image'),
(1649, 74, 'Variant Image', 'variant.image'),
(1650, 74, 'Variant Weight Unit', 'variant.weight_unit'),
(1651, 84, 'Handle', 'product.slug'),
(1652, 84, 'Title', 'product.name'),
(1653, 84, 'Body (HTML)', 'product.description'),
(1654, 84, 'Vendor', 'product.brand'),
(1655, 84, 'Type', 'product.type'),
(1656, 84, 'Tags', 'product.tags'),
(1657, 84, 'Option1 Name', 'attribute1.name'),
(1658, 84, 'Option1 Value', 'attribute1.value'),
(1659, 84, 'Option2 Name', 'attribute2.name'),
(1660, 84, 'Option2 Value', 'attribute2.value'),
(1661, 84, 'Option3 Name', 'attribute3.name'),
(1662, 84, 'Option3 Value', 'attribute3.value'),
(1663, 84, 'Variant SKU', 'variant.sku'),
(1664, 84, 'Variant Grams', 'variant.weight'),
(1665, 84, 'Variant Inventory Qty', 'variant.stock'),
(1666, 84, 'Variant Price', 'variant.price'),
(1667, 84, 'Variant Compare At Price', 'variant.compare_at_price'),
(1668, 84, 'Variant Requires Shipping', 'variant.requires_shipping'),
(1669, 84, 'Variant Barcode', 'variant.barcode'),
(1670, 84, 'Image Src', 'product.image'),
(1671, 84, 'Variant Image', 'variant.image'),
(1672, 84, 'Variant Weight Unit', 'variant.weight_unit'),
(1673, 85, 'Handle', 'product.slug'),
(1674, 85, 'Title', 'product.name'),
(1675, 85, 'Body (HTML)', 'product.description'),
(1676, 85, 'Vendor', 'product.brand'),
(1677, 85, 'Type', 'product.type'),
(1678, 85, 'Tags', 'product.tags'),
(1679, 85, 'Option1 Name', 'attribute1.name'),
(1680, 85, 'Option1 Value', 'attribute1.value'),
(1681, 85, 'Option2 Name', 'attribute2.name'),
(1682, 85, 'Option2 Value', 'attribute2.value'),
(1683, 85, 'Option3 Name', 'attribute3.name'),
(1684, 85, 'Option3 Value', 'attribute3.value'),
(1685, 85, 'Variant SKU', 'variant.sku'),
(1686, 85, 'Variant Grams', 'variant.weight'),
(1687, 85, 'Variant Inventory Qty', 'variant.stock'),
(1688, 85, 'Variant Price', 'variant.price'),
(1689, 85, 'Variant Compare At Price', 'variant.compare_at_price'),
(1690, 85, 'Variant Requires Shipping', 'variant.requires_shipping'),
(1691, 85, 'Variant Barcode', 'variant.barcode'),
(1692, 85, 'Image Src', 'product.image'),
(1693, 85, 'Variant Image', 'variant.image'),
(1694, 85, 'Variant Weight Unit', 'variant.weight_unit'),
(1695, 87, 'Handle', 'product.slug'),
(1696, 87, 'Title', 'product.name'),
(1697, 87, 'Body (HTML)', 'product.description'),
(1698, 87, 'Vendor', 'product.brand'),
(1699, 87, 'Type', 'product.type'),
(1700, 87, 'Tags', 'product.tags'),
(1701, 87, 'Option1 Name', 'attribute1.name'),
(1702, 87, 'Option1 Value', 'attribute1.value'),
(1703, 87, 'Option2 Name', 'attribute2.name'),
(1704, 87, 'Option2 Value', 'attribute2.value'),
(1705, 87, 'Option3 Name', 'attribute3.name'),
(1706, 87, 'Option3 Value', 'attribute3.value'),
(1707, 87, 'Variant SKU', 'variant.sku'),
(1708, 87, 'Variant Grams', 'variant.weight'),
(1709, 87, 'Variant Inventory Qty', 'variant.stock'),
(1710, 87, 'Variant Price', 'variant.price'),
(1711, 87, 'Variant Compare At Price', 'variant.compare_at_price'),
(1712, 87, 'Variant Requires Shipping', 'variant.requires_shipping'),
(1713, 87, 'Variant Barcode', 'variant.barcode'),
(1714, 87, 'Image Src', 'product.image'),
(1715, 87, 'Variant Image', 'variant.image'),
(1716, 87, 'Variant Weight Unit', 'variant.weight_unit'),
(1717, 88, 'Handle', 'product.slug'),
(1718, 88, 'Title', 'product.name'),
(1719, 88, 'Body (HTML)', 'product.description'),
(1720, 88, 'Vendor', 'product.brand'),
(1721, 88, 'Type', 'product.type'),
(1722, 88, 'Tags', 'product.tags'),
(1723, 88, 'Option1 Name', 'attribute1.name'),
(1724, 88, 'Option1 Value', 'attribute1.value'),
(1725, 88, 'Option2 Name', 'attribute2.name'),
(1726, 88, 'Option2 Value', 'attribute2.value'),
(1727, 88, 'Option3 Name', 'attribute3.name'),
(1728, 88, 'Option3 Value', 'attribute3.value'),
(1729, 88, 'Variant SKU', 'variant.sku'),
(1730, 88, 'Variant Grams', 'variant.weight'),
(1731, 88, 'Variant Inventory Qty', 'variant.stock'),
(1732, 88, 'Variant Price', 'variant.price'),
(1733, 88, 'Variant Compare At Price', 'variant.compare_at_price'),
(1734, 88, 'Variant Requires Shipping', 'variant.requires_shipping'),
(1735, 88, 'Variant Barcode', 'variant.barcode'),
(1736, 88, 'Image Src', 'product.image'),
(1737, 88, 'Variant Image', 'variant.image'),
(1738, 88, 'Variant Weight Unit', 'variant.weight_unit'),
(1739, 89, 'Handle', 'product.slug'),
(1740, 89, 'Title', 'product.name'),
(1741, 89, 'Body (HTML)', 'product.description'),
(1742, 89, 'Vendor', 'product.brand'),
(1743, 89, 'Type', 'product.type'),
(1744, 89, 'Tags', 'product.tags'),
(1745, 89, 'Option1 Name', 'attribute1.name'),
(1746, 89, 'Option1 Value', 'attribute1.value'),
(1747, 89, 'Option2 Name', 'attribute2.name'),
(1748, 89, 'Option2 Value', 'attribute2.value'),
(1749, 89, 'Option3 Name', 'attribute3.name'),
(1750, 89, 'Option3 Value', 'attribute3.value'),
(1751, 89, 'Variant SKU', 'variant.sku'),
(1752, 89, 'Variant Grams', 'variant.weight'),
(1753, 89, 'Variant Inventory Qty', 'variant.stock'),
(1754, 89, 'Variant Price', 'variant.price'),
(1755, 89, 'Variant Compare At Price', 'variant.compare_at_price'),
(1756, 89, 'Variant Requires Shipping', 'variant.requires_shipping'),
(1757, 89, 'Variant Barcode', 'variant.barcode'),
(1758, 89, 'Image Src', 'product.image'),
(1759, 89, 'Variant Image', 'variant.image'),
(1760, 89, 'Variant Weight Unit', 'variant.weight_unit'),
(1761, 91, 'Handle', 'product.slug'),
(1762, 91, 'Title', 'product.name'),
(1763, 91, 'Body (HTML)', 'product.description'),
(1764, 91, 'Vendor', 'product.brand'),
(1765, 91, 'Type', 'product.type'),
(1766, 91, 'Tags', 'product.tags'),
(1767, 91, 'Option1 Name', 'attribute1.name'),
(1768, 91, 'Option1 Value', 'attribute1.value'),
(1769, 91, 'Option2 Name', 'attribute2.name'),
(1770, 91, 'Option2 Value', 'attribute2.value'),
(1771, 91, 'Option3 Name', 'attribute3.name'),
(1772, 91, 'Option3 Value', 'attribute3.value'),
(1773, 91, 'Variant SKU', 'variant.sku'),
(1774, 91, 'Variant Grams', 'variant.weight'),
(1775, 91, 'Variant Inventory Qty', 'variant.stock'),
(1776, 91, 'Variant Price', 'variant.price'),
(1777, 91, 'Variant Compare At Price', 'variant.compare_at_price'),
(1778, 91, 'Variant Requires Shipping', 'variant.requires_shipping'),
(1779, 91, 'Variant Barcode', 'variant.barcode'),
(1780, 91, 'Image Src', 'product.image'),
(1781, 91, 'Variant Image', 'variant.image'),
(1782, 91, 'Variant Weight Unit', 'variant.weight_unit'),
(1783, 92, 'Handle', 'product.slug'),
(1784, 92, 'Title', 'product.name'),
(1785, 92, 'Body (HTML)', 'product.description'),
(1786, 92, 'Vendor', 'product.brand'),
(1787, 92, 'Type', 'product.type'),
(1788, 92, 'Tags', 'product.tags'),
(1789, 92, 'Option1 Name', 'attribute1.name'),
(1790, 92, 'Option1 Value', 'attribute1.value'),
(1791, 92, 'Option2 Name', 'attribute2.name'),
(1792, 92, 'Option2 Value', 'attribute2.value'),
(1793, 92, 'Option3 Name', 'attribute3.name'),
(1794, 92, 'Option3 Value', 'attribute3.value'),
(1795, 92, 'Variant SKU', 'variant.sku'),
(1796, 92, 'Variant Grams', 'variant.weight'),
(1797, 92, 'Variant Inventory Qty', 'variant.stock'),
(1798, 92, 'Variant Price', 'variant.price'),
(1799, 92, 'Variant Compare At Price', 'variant.compare_at_price'),
(1800, 92, 'Variant Requires Shipping', 'variant.requires_shipping'),
(1801, 92, 'Variant Barcode', 'variant.barcode'),
(1802, 92, 'Image Src', 'product.image'),
(1803, 92, 'Variant Image', 'variant.image'),
(1804, 92, 'Variant Weight Unit', 'variant.weight_unit'),
(1805, 93, 'Handle', 'product.slug'),
(1806, 93, 'Title', 'product.name'),
(1807, 93, 'Body (HTML)', 'product.description'),
(1808, 93, 'Vendor', 'product.brand'),
(1809, 93, 'Type', 'product.type'),
(1810, 93, 'Tags', 'product.tags'),
(1811, 93, 'Option1 Name', 'attribute1.name'),
(1812, 93, 'Option1 Value', 'attribute1.value'),
(1813, 93, 'Option2 Name', 'attribute2.name'),
(1814, 93, 'Option2 Value', 'attribute2.value'),
(1815, 93, 'Option3 Name', 'attribute3.name'),
(1816, 93, 'Option3 Value', 'attribute3.value'),
(1817, 93, 'Variant SKU', 'variant.sku'),
(1818, 93, 'Variant Grams', 'variant.weight'),
(1819, 93, 'Variant Inventory Qty', 'variant.stock'),
(1820, 93, 'Variant Price', 'variant.price'),
(1821, 93, 'Variant Compare At Price', 'variant.compare_at_price'),
(1822, 93, 'Variant Requires Shipping', 'variant.requires_shipping'),
(1823, 93, 'Variant Barcode', 'variant.barcode'),
(1824, 93, 'Image Src', 'product.image'),
(1825, 93, 'Variant Image', 'variant.image'),
(1826, 93, 'Variant Weight Unit', 'variant.weight_unit'),
(1827, 94, 'Handle', 'product.slug'),
(1828, 94, 'Title', 'product.name'),
(1829, 94, 'Body (HTML)', 'product.description'),
(1830, 94, 'Vendor', 'product.brand'),
(1831, 94, 'Type', 'product.type'),
(1832, 94, 'Tags', 'product.tags'),
(1833, 94, 'Option1 Name', 'attribute1.name'),
(1834, 94, 'Option1 Value', 'attribute1.value'),
(1835, 94, 'Option2 Name', 'attribute2.name'),
(1836, 94, 'Option2 Value', 'attribute2.value'),
(1837, 94, 'Option3 Name', 'attribute3.name'),
(1838, 94, 'Option3 Value', 'attribute3.value'),
(1839, 94, 'Variant SKU', 'variant.sku'),
(1840, 94, 'Variant Grams', 'variant.weight'),
(1841, 94, 'Variant Inventory Qty', 'variant.stock'),
(1842, 94, 'Variant Price', 'variant.price'),
(1843, 94, 'Variant Compare At Price', 'variant.compare_at_price'),
(1844, 94, 'Variant Requires Shipping', 'variant.requires_shipping'),
(1845, 94, 'Variant Barcode', 'variant.barcode'),
(1846, 94, 'Image Src', 'product.image'),
(1847, 94, 'Variant Image', 'variant.image'),
(1848, 94, 'Variant Weight Unit', 'variant.weight_unit'),
(1849, 96, 'Handle', 'product.slug'),
(1850, 96, 'Title', 'product.name'),
(1851, 96, 'Body (HTML)', 'product.description'),
(1852, 96, 'Vendor', 'product.brand'),
(1853, 96, 'Type', 'product.type'),
(1854, 96, 'Tags', 'product.tags'),
(1855, 96, 'Option1 Name', 'attribute1.name'),
(1856, 96, 'Option1 Value', 'attribute1.value'),
(1857, 96, 'Option2 Name', 'attribute2.name'),
(1858, 96, 'Option2 Value', 'attribute2.value'),
(1859, 96, 'Option3 Name', 'attribute3.name'),
(1860, 96, 'Option3 Value', 'attribute3.value'),
(1861, 96, 'Variant SKU', 'variant.sku'),
(1862, 96, 'Variant Grams', 'variant.weight'),
(1863, 96, 'Variant Inventory Qty', 'variant.stock'),
(1864, 96, 'Variant Price', 'variant.price'),
(1865, 96, 'Variant Compare At Price', 'variant.compare_at_price'),
(1866, 96, 'Variant Requires Shipping', 'variant.requires_shipping'),
(1867, 96, 'Variant Barcode', 'variant.barcode'),
(1868, 96, 'Image Src', 'product.image'),
(1869, 96, 'Variant Image', 'variant.image'),
(1870, 96, 'Variant Weight Unit', 'variant.weight_unit'),
(1871, 97, 'Handle', 'product.slug'),
(1872, 97, 'Title', 'product.name'),
(1873, 97, 'Body (HTML)', 'product.description'),
(1874, 97, 'Vendor', 'product.brand'),
(1875, 97, 'Type', 'product.type'),
(1876, 97, 'Tags', 'product.tags'),
(1877, 97, 'Option1 Name', 'attribute1.name'),
(1878, 97, 'Option1 Value', 'attribute1.value'),
(1879, 97, 'Option2 Name', 'attribute2.name'),
(1880, 97, 'Option2 Value', 'attribute2.value'),
(1881, 97, 'Option3 Name', 'attribute3.name'),
(1882, 97, 'Option3 Value', 'attribute3.value'),
(1883, 97, 'Variant SKU', 'variant.sku'),
(1884, 97, 'Variant Grams', 'variant.weight'),
(1885, 97, 'Variant Inventory Qty', 'variant.stock'),
(1886, 97, 'Variant Price', 'variant.price'),
(1887, 97, 'Variant Compare At Price', 'variant.compare_at_price'),
(1888, 97, 'Variant Requires Shipping', 'variant.requires_shipping'),
(1889, 97, 'Variant Barcode', 'variant.barcode'),
(1890, 97, 'Image Src', 'product.image'),
(1891, 97, 'Variant Image', 'variant.image'),
(1892, 97, 'Variant Weight Unit', 'variant.weight_unit'),
(1893, 102, 'Handle', 'product.slug'),
(1894, 102, 'Title', 'product.name'),
(1895, 102, 'Body (HTML)', 'product.description'),
(1896, 102, 'Vendor', 'product.brand'),
(1897, 102, 'Type', 'product.type'),
(1898, 102, 'Tags', 'product.tags'),
(1899, 102, 'Option1 Name', 'attribute1.name'),
(1900, 102, 'Option1 Value', 'attribute1.value'),
(1901, 102, 'Option2 Name', 'attribute2.name'),
(1902, 102, 'Option2 Value', 'attribute2.value'),
(1903, 102, 'Option3 Name', 'attribute3.name'),
(1904, 102, 'Option3 Value', 'attribute3.value'),
(1905, 102, 'Variant SKU', 'variant.sku'),
(1906, 102, 'Variant Grams', 'variant.weight'),
(1907, 102, 'Variant Inventory Qty', 'variant.stock'),
(1908, 102, 'Variant Price', 'variant.price'),
(1909, 102, 'Variant Compare At Price', 'variant.compare_at_price'),
(1910, 102, 'Variant Requires Shipping', 'variant.requires_shipping'),
(1911, 102, 'Variant Barcode', 'variant.barcode'),
(1912, 102, 'Image Src', 'product.image'),
(1913, 102, 'Variant Image', 'variant.image'),
(1914, 102, 'Variant Weight Unit', 'variant.weight_unit'),
(1915, 120, 'Handle', 'product.slug'),
(1916, 120, 'Title', 'product.name'),
(1917, 120, 'Body (HTML)', 'product.description'),
(1918, 120, 'Vendor', 'product.brand'),
(1919, 120, 'Type', 'product.type'),
(1920, 120, 'Variant SKU', 'variant.sku'),
(1921, 120, 'Variant Price', 'variant.price'),
(1922, 120, 'Variant Compare At Price', 'variant.compare_at_price'),
(1923, 120, 'Option1 Name', 'attribute1.name'),
(1924, 120, 'Option1 Value', 'attribute1.value'),
(1925, 120, 'Option2 Name', 'attribute2.name'),
(1926, 120, 'Option2 Value', 'attribute2.value'),
(1927, 120, 'Image Src', 'product.image');

-- --------------------------------------------------------

--
-- Table structure for table `logs`
--

DROP TABLE IF EXISTS `logs`;
CREATE TABLE IF NOT EXISTS `logs` (
  `id` bigint NOT NULL AUTO_INCREMENT,
  `job_id` int DEFAULT NULL,
  `level` enum('info','warning','error') DEFAULT NULL,
  `message` text,
  `created_at` timestamp NULL DEFAULT CURRENT_TIMESTAMP,
  PRIMARY KEY (`id`)
) ENGINE=MyISAM DEFAULT CHARSET=utf8mb4 COLLATE=utf8mb4_0900_ai_ci;

-- --------------------------------------------------------

--
-- Table structure for table `metafields`
--

DROP TABLE IF EXISTS `metafields`;
CREATE TABLE IF NOT EXISTS `metafields` (
  `id` bigint NOT NULL AUTO_INCREMENT,
  `entity_type` enum('product','variant') DEFAULT NULL,
  `entity_id` bigint DEFAULT NULL,
  `namespace` varchar(255) DEFAULT NULL,
  `key_name` varchar(255) DEFAULT NULL,
  `value` text,
  PRIMARY KEY (`id`)
) ENGINE=MyISAM DEFAULT CHARSET=utf8mb4 COLLATE=utf8mb4_0900_ai_ci;

-- --------------------------------------------------------

--
-- Table structure for table `platforms`
--

DROP TABLE IF EXISTS `platforms`;
CREATE TABLE IF NOT EXISTS `platforms` (
  `id` int NOT NULL AUTO_INCREMENT,
  `code` varchar(50) NOT NULL,
  `name` varchar(100) NOT NULL,
  `is_active` tinyint(1) DEFAULT '1',
  PRIMARY KEY (`id`),
  UNIQUE KEY `code` (`code`)
) ENGINE=MyISAM AUTO_INCREMENT=7 DEFAULT CHARSET=utf8mb4 COLLATE=utf8mb4_0900_ai_ci;

--
-- Dumping data for table `platforms`
--

INSERT INTO `platforms` (`id`, `code`, `name`, `is_active`) VALUES
(1, 'shopify', 'Shopify', 1),
(2, 'woocommerce', 'WooCommerce', 1),
(3, 'magento', 'Magento', 0),
(4, 'prestashop', 'PrestaShop', 0),
(5, 'bigcommerce', 'BigCommerce', 0),
(6, 'opencart', 'OpenCart', 0);

-- --------------------------------------------------------

--
-- Table structure for table `platform_mappings`
--

DROP TABLE IF EXISTS `platform_mappings`;
CREATE TABLE IF NOT EXISTS `platform_mappings` (
  `id` int NOT NULL AUTO_INCREMENT,
  `source_platform_id` int NOT NULL,
  `target_platform_id` int NOT NULL,
  `source_column` varchar(150) NOT NULL,
  `universal_field` varchar(150) NOT NULL,
  `created_at` timestamp NULL DEFAULT CURRENT_TIMESTAMP,
  PRIMARY KEY (`id`),
  KEY `source_platform_id` (`source_platform_id`),
  KEY `target_platform_id` (`target_platform_id`)
) ENGINE=MyISAM AUTO_INCREMENT=66 DEFAULT CHARSET=utf8mb4 COLLATE=utf8mb4_0900_ai_ci;

--
-- Dumping data for table `platform_mappings`
--

INSERT INTO `platform_mappings` (`id`, `source_platform_id`, `target_platform_id`, `source_column`, `universal_field`, `created_at`) VALUES
(40, 1, 2, 'Option1 Value', 'attribute1.value', '2026-01-07 08:25:24'),
(39, 1, 2, 'Option1 Name', 'attribute1.name', '2026-01-07 08:25:24'),
(38, 1, 2, 'Variant Weight Unit', 'variant.weight_unit', '2026-01-07 08:25:24'),
(37, 1, 2, 'Variant Grams', 'variant.weight', '2026-01-07 08:25:24'),
(36, 1, 2, 'Variant Requires Shipping', 'variant.requires_shipping', '2026-01-07 08:25:24'),
(34, 1, 2, 'Variant Inventory Qty', 'variant.stock', '2026-01-07 08:25:24'),
(33, 1, 2, 'Variant Barcode', 'variant.barcode', '2026-01-07 08:25:24'),
(32, 1, 2, 'Variant Compare At Price', 'variant.compare_at_price', '2026-01-07 08:25:24'),
(31, 1, 2, 'Variant Price', 'variant.price', '2026-01-07 08:25:24'),
(30, 1, 2, 'Variant SKU', 'variant.sku', '2026-01-07 08:25:24'),
(29, 1, 2, 'Tags', 'product.tags', '2026-01-07 08:25:24'),
(28, 1, 2, 'Type', 'product.type', '2026-01-07 08:25:24'),
(27, 1, 2, 'Vendor', 'product.brand', '2026-01-07 08:25:24'),
(26, 1, 2, 'Body (HTML)', 'product.description', '2026-01-07 08:25:24'),
(25, 1, 2, 'Title', 'product.name', '2026-01-07 08:25:24'),
(24, 1, 2, 'Handle', 'product.slug', '2026-01-07 08:25:24'),
(41, 1, 2, 'Option2 Name', 'attribute2.name', '2026-01-07 08:25:24'),
(42, 1, 2, 'Option2 Value', 'attribute2.value', '2026-01-07 08:25:24'),
(43, 1, 2, 'Option3 Name', 'attribute3.name', '2026-01-07 08:25:24'),
(44, 1, 2, 'Option3 Value', 'attribute3.value', '2026-01-07 08:25:24'),
(45, 1, 2, 'Image Src', 'product.image', '2026-01-07 08:25:24'),
(46, 1, 2, 'Variant Image', 'variant.image', '2026-01-07 08:25:24'),
(47, 2, 1, 'Name', 'product.name', '2026-01-13 06:43:35'),
(48, 2, 1, 'Slug', 'product.slug', '2026-01-13 06:43:35'),
(49, 2, 1, 'Description', 'product.description', '2026-01-13 06:43:35'),
(50, 2, 1, 'Categories', 'product.category', '2026-01-13 06:43:35'),
(51, 2, 1, 'Tags', 'product.tags', '2026-01-13 06:43:35'),
(52, 2, 1, 'Images', 'product.image', '2026-01-13 06:43:35'),
(53, 2, 1, 'Type', 'product.type', '2026-01-13 06:43:35'),
(54, 2, 1, 'SKU', 'variant.sku', '2026-01-13 06:43:51'),
(55, 2, 1, 'Regular price', 'variant.compare_at_price', '2026-01-13 06:43:51'),
(56, 2, 1, 'Sale price', 'variant.price', '2026-01-13 06:43:51'),
(57, 2, 1, 'Stock', 'variant.stock', '2026-01-13 06:43:51'),
(58, 2, 1, 'Stock status', 'variant.stock_status', '2026-01-13 06:43:51'),
(59, 2, 1, 'Weight', 'variant.weight', '2026-01-13 06:43:51'),
(60, 2, 1, 'Weight unit', 'variant.weight_unit', '2026-01-13 06:43:51'),
(61, 2, 1, 'Images', 'variant.image', '2026-01-13 06:43:51'),
(62, 2, 1, 'Attribute name', 'attribute.name', '2026-01-13 06:55:55'),
(63, 2, 1, 'Attribute value(s)', 'attribute.value', '2026-01-13 06:55:55'),
(64, 2, 1, 'Attribute visible', 'attribute.visible', '2026-01-13 06:55:55'),
(65, 2, 1, 'Attribute global', 'attribute.global', '2026-01-13 06:55:55');

-- --------------------------------------------------------

--
-- Table structure for table `source_attributes`
--

DROP TABLE IF EXISTS `source_attributes`;
CREATE TABLE IF NOT EXISTS `source_attributes` (
  `id` bigint NOT NULL AUTO_INCREMENT,
  `product_id` bigint DEFAULT NULL,
  `variant_id` bigint DEFAULT NULL,
  `name` varchar(100) DEFAULT NULL,
  `value` varchar(255) DEFAULT NULL,
  `sort_order` int DEFAULT NULL,
  PRIMARY KEY (`id`),
  KEY `variant_id` (`variant_id`),
  KEY `idx_attr_name` (`name`),
  KEY `idx_attr_product` (`product_id`)
) ENGINE=MyISAM AUTO_INCREMENT=68 DEFAULT CHARSET=utf8mb4 COLLATE=utf8mb4_0900_ai_ci;

--
-- Dumping data for table `source_attributes`
--

INSERT INTO `source_attributes` (`id`, `product_id`, `variant_id`, `name`, `value`, `sort_order`) VALUES
(1, 14, NULL, 'Color', 'Cherry,Purelipcare,Strawberry,Mango,Apricot,Caramel,Insta Pink', NULL),
(2, 14, 2, 'Color', 'Cherry', NULL),
(3, 14, 3, 'Color', 'Purelipcare', NULL),
(4, 14, 4, 'Color', 'Strawberry', NULL),
(5, 14, 5, 'Color', 'Mango', NULL),
(6, 14, 6, 'Color', 'Apricot', NULL),
(7, 14, 7, 'Color', 'Caramel', NULL),
(8, 14, 8, 'Color', 'Insta Pink', NULL),
(9, 23, NULL, 'Color', 'Fair,Medium,Honey', NULL),
(10, 23, 17, 'Color', 'Fair', NULL),
(11, 23, 18, 'Color', 'Medium', NULL),
(12, 23, 19, 'Color', 'Honey', NULL),
(13, 24, NULL, 'Color', 'Natural Black,Dark Brown', NULL),
(14, 24, 20, 'Color', 'Natural Black', NULL),
(15, 24, 21, 'Color', 'Dark Brown', NULL),
(16, 25, NULL, 'Color', 'Beige Honey,Golden Light,Golden Medium,Ivory Fair,Rose Fair,Almond Honey', NULL),
(17, 25, 22, 'Color', 'Beige Honey', NULL),
(18, 25, 23, 'Color', 'Golden Light', NULL),
(19, 25, 24, 'Color', 'Golden Medium', NULL),
(20, 25, 25, 'Color', 'Ivory Fair', NULL),
(21, 25, 26, 'Color', 'Rose Fair', NULL),
(22, 25, 27, 'Color', 'Almond Honey', NULL),
(23, 31, NULL, 'Color', 'Beige Caramel,Rose Honey,Rose Ivory,Beige Vanilla,Walnut,Warm Mocha', NULL),
(24, 31, 33, 'Color', 'Beige Caramel', NULL),
(25, 31, 34, 'Color', 'Rose Honey', NULL),
(26, 31, 35, 'Color', 'Rose Ivory', NULL),
(27, 31, 36, 'Color', 'Beige Vanilla', NULL),
(28, 31, 37, 'Color', 'Walnut', NULL),
(29, 31, 38, 'Color', 'Warm Mocha', NULL),
(30, 35, NULL, 'Color', 'Vintage Pink,Mulberry Feast,Mild Mauve,Crazy Tangerine,Firestarter Red,Nude Hit,Red Vibe,Mauve Mix,Peach Rose', NULL),
(31, 35, 42, 'Color', 'Vintage Pink', NULL),
(32, 35, 43, 'Color', 'Mulberry Feast', NULL),
(33, 35, 44, 'Color', 'Mild Mauve', NULL),
(34, 35, 45, 'Color', 'Crazy Tangerine', NULL),
(35, 35, 46, 'Color', 'Firestarter Red', NULL),
(36, 35, 47, 'Color', 'Nude Hit', NULL),
(37, 35, 48, 'Color', 'Red Vibe', NULL),
(38, 35, 49, 'Color', 'Mauve Mix', NULL),
(39, 35, 50, 'Color', 'Peach Rose', NULL),
(40, 37, NULL, 'Color', 'Bronze,Honey', NULL),
(41, 37, 52, 'Color', 'Bronze', NULL),
(42, 37, 53, 'Color', 'Honey', NULL),
(43, 43, NULL, 'Color', 'Ivory Cream,Rose Silk,Silky Golden,Natural Light,Honey Dew,Natural Almond', NULL),
(44, 43, 59, 'Color', 'Ivory Cream', NULL),
(45, 43, 60, 'Color', 'Rose Silk', NULL),
(46, 43, 61, 'Color', 'Silky Golden', NULL),
(47, 43, 62, 'Color', 'Natural Light', NULL),
(48, 43, 63, 'Color', 'Honey Dew', NULL),
(49, 43, 64, 'Color', 'Natural Almond', NULL),
(50, 46, NULL, 'Color', 'Peach Affair,Coral Punch,Nude Flush,Pretty Pink', NULL),
(51, 46, 67, 'Color', 'Peach Affair', NULL),
(52, 46, 68, 'Color', 'Coral Punch', NULL),
(53, 46, 69, 'Color', 'Nude Flush', NULL),
(54, 46, 70, 'Color', 'Pretty Pink', NULL),
(55, 49, NULL, 'Color', 'Rose Blush,Coral Blush,Pink Blush', NULL),
(56, 49, 73, 'Color', 'Rose Blush', NULL),
(57, 49, 74, 'Color', 'Coral Blush', NULL),
(58, 49, 75, 'Color', 'Pink Blush', NULL),
(59, 50, NULL, 'Color', 'Beige Shine,Candy Shine,Plum Shine,Pink Shine,Red Shine,Cherry Shine,Crimson Shine,Rose Shine', NULL),
(60, 50, 76, 'Color', 'Beige Shine', NULL),
(61, 50, 77, 'Color', 'Candy Shine', NULL),
(62, 50, 78, 'Color', 'Plum Shine', NULL),
(63, 50, 79, 'Color', 'Pink Shine', NULL),
(64, 50, 80, 'Color', 'Red Shine', NULL),
(65, 50, 81, 'Color', 'Cherry Shine', NULL),
(66, 50, 82, 'Color', 'Crimson Shine', NULL),
(67, 50, 83, 'Color', 'Rose Shine', NULL);

-- --------------------------------------------------------

--
-- Table structure for table `source_images`
--

DROP TABLE IF EXISTS `source_images`;
CREATE TABLE IF NOT EXISTS `source_images` (
  `id` bigint NOT NULL AUTO_INCREMENT,
  `product_id` bigint DEFAULT NULL,
  `variant_id` bigint DEFAULT NULL,
  `type` varchar(255) DEFAULT NULL,
  `url` text NOT NULL,
  `alt_text` varchar(255) DEFAULT NULL,
  `position` int DEFAULT NULL,
  PRIMARY KEY (`id`),
  KEY `product_id` (`product_id`),
  KEY `variant_id` (`variant_id`)
) ENGINE=MyISAM AUTO_INCREMENT=84 DEFAULT CHARSET=utf8mb4 COLLATE=utf8mb4_0900_ai_ci;

--
-- Dumping data for table `source_images`
--

INSERT INTO `source_images` (`id`, `product_id`, `variant_id`, `type`, `url`, `alt_text`, `position`) VALUES
(1, 13, 1, 'variant_image', 'https://cdn.shopify.com/s/files/1/0825/6713/5537/files/12979_S1-8901030825286.jpg?v=1734433770', NULL, 0),
(2, 14, 2, 'variant_image', 'https://cdn.shopify.com/s/files/1/0825/6713/5537/files/LakmeLipLoveChapstickCherry.jpg?v=1734433757', NULL, 0),
(3, 14, 3, 'variant_image', 'https://cdn.shopify.com/s/files/1/0825/6713/5537/files/LakmeLipLoveChapstickPurelipcare.png?v=1734433757', NULL, 0),
(4, 14, 4, 'variant_image', 'https://cdn.shopify.com/s/files/1/0825/6713/5537/files/LakmeLipLoveChapstickStrawberry.jpg?v=1734433757', NULL, 0),
(5, 14, 5, 'variant_image', 'https://cdn.shopify.com/s/files/1/0825/6713/5537/files/LakmeLipLoveChapstickMango.jpg?v=1734433758', NULL, 0),
(6, 14, 6, 'variant_image', 'https://cdn.shopify.com/s/files/1/0825/6713/5537/files/LakmeLipLoveChapstickApricot.jpg?v=1734433758', NULL, 0),
(7, 14, 7, 'variant_image', 'https://cdn.shopify.com/s/files/1/0825/6713/5537/files/LakmeLipLoveChapstickCaramel.jpg?v=1734433758', NULL, 0),
(8, 14, 8, 'variant_image', 'https://cdn.shopify.com/s/files/1/0825/6713/5537/files/LakmeLipLoveChapstickInstaPink.jpg?v=1734433758', NULL, 0),
(9, 15, 9, 'variant_image', 'https://cdn.shopify.com/s/files/1/0825/6713/5537/files/ShantanuNIkhil.png?v=1734433701', NULL, 0),
(10, 16, 10, 'variant_image', 'https://cdn.shopify.com/s/files/1/0825/6713/5537/files/24272_H-8901030979545.jpg?v=1734433694', NULL, 0),
(11, 17, 11, 'variant_image', 'https://cdn.shopify.com/s/files/1/0825/6713/5537/files/22580_S1-8901030764813.jpg?v=1734433679', NULL, 0),
(12, 18, 12, 'variant_image', 'https://cdn.shopify.com/s/files/1/0825/6713/5537/files/12904_H-8901030916212_4e8ce197-1287-486d-984b-d9bb148f6b42.jpg?v=1734433668', NULL, 0),
(13, 19, 13, 'variant_image', 'https://cdn.shopify.com/s/files/1/0825/6713/5537/files/22628_H-8901030974373.jpg?v=1734433656', NULL, 0),
(14, 20, 14, 'variant_image', 'https://cdn.shopify.com/s/files/1/0825/6713/5537/files/23136_H-8901030974397.jpg?v=1734433642', NULL, 0),
(15, 21, 15, 'variant_image', 'https://cdn.shopify.com/s/files/1/0825/6713/5537/files/23423_H-8901030954689.jpg?v=1734433627', NULL, 0),
(16, 22, 16, 'variant_image', 'https://cdn.shopify.com/s/files/1/0825/6713/5537/files/LAKME9to5NaturaleDayCremeSPF20-50g.jpg?v=1734433611', NULL, 0),
(17, 23, 17, 'variant_image', 'https://cdn.shopify.com/s/files/1/0825/6713/5537/files/Fair.jpg?v=1734433600', NULL, 0),
(18, 23, 18, 'variant_image', 'https://cdn.shopify.com/s/files/1/0825/6713/5537/files/Medium.jpg?v=1734433600', NULL, 0),
(19, 23, 19, 'variant_image', 'https://cdn.shopify.com/s/files/1/0825/6713/5537/files/Honey_bbbe755a-eb69-48a4-b6ca-cb9c387d6485.jpg?v=1734433600', NULL, 0),
(20, 24, 20, 'variant_image', 'https://cdn.shopify.com/s/files/1/0825/6713/5537/files/LakmeAbsolutePrecisionEyeArtistEyebrowPencilNaturalBlack.jpg?v=1734433584', NULL, 0),
(21, 24, 21, 'variant_image', 'https://cdn.shopify.com/s/files/1/0825/6713/5537/files/LakmeAbsolutePrecisionEyeArtistEyebrowPencilDarkBrown.jpg?v=1734433584', NULL, 0),
(22, 25, 22, 'variant_image', 'https://cdn.shopify.com/s/files/1/0825/6713/5537/files/22682_H-8901030983467.jpg?v=1734433567', NULL, 0),
(23, 25, 23, 'variant_image', 'https://cdn.shopify.com/s/files/1/0825/6713/5537/files/23041_H_8901030461798_1.jpg?v=1734433567', NULL, 0),
(24, 25, 24, 'variant_image', 'https://cdn.shopify.com/s/files/1/0825/6713/5537/files/22680_H-8901030983474.jpg?v=1734433568', NULL, 0),
(25, 25, 25, 'variant_image', 'https://cdn.shopify.com/s/files/1/0825/6713/5537/files/22678_H-8901030983481.jpg?v=1734433567', NULL, 0),
(26, 25, 26, 'variant_image', 'https://cdn.shopify.com/s/files/1/0825/6713/5537/files/23040_H-8901030983450.jpg?v=1734433567', NULL, 0),
(27, 25, 27, 'variant_image', 'https://cdn.shopify.com/s/files/1/0825/6713/5537/files/23042_H_8901030461804.jpg?v=1734433567', NULL, 0),
(28, 26, 28, 'variant_image', 'https://cdn.shopify.com/s/files/1/0825/6713/5537/files/23137_H-8901030974403.jpg?v=1734433495', NULL, 0),
(29, 27, 29, 'variant_image', 'https://cdn.shopify.com/s/files/1/0825/6713/5537/files/22626_H-8901030974366.jpg?v=1734433484', NULL, 0),
(30, 28, 30, 'variant_image', 'https://cdn.shopify.com/s/files/1/0825/6713/5537/files/12904_H-8901030978678.jpg?v=1734433473', NULL, 0),
(31, 29, 31, 'variant_image', 'https://cdn.shopify.com/s/files/1/0825/6713/5537/files/FOP_c1d6ec68-27ba-470c-a6e0-116bf961b27e.jpg?v=1734433461', NULL, 0),
(32, 30, 32, 'variant_image', 'https://cdn.shopify.com/s/files/1/0825/6713/5537/files/23048_S1-8901030793950.jpg?v=1734433449', NULL, 0),
(33, 31, 33, 'variant_image', 'https://cdn.shopify.com/s/files/1/0825/6713/5537/files/23707_H-8901030995217.jpg?v=1734433436', NULL, 0),
(34, 31, 34, 'variant_image', 'https://cdn.shopify.com/s/files/1/0825/6713/5537/files/23708_S1-8901030995200.jpg?v=1734433435', NULL, 0),
(35, 31, 35, 'variant_image', 'https://cdn.shopify.com/s/files/1/0825/6713/5537/files/23705_H-8901030995231.jpg?v=1734433435', NULL, 0),
(36, 31, 36, 'variant_image', 'https://cdn.shopify.com/s/files/1/0825/6713/5537/files/23706_H-8901030995224.jpg?v=1734433436', NULL, 0),
(37, 31, 37, 'variant_image', 'https://cdn.shopify.com/s/files/1/0825/6713/5537/files/Lakme9to5WeightlessMousseFoundationWalnut.jpg?v=1734433435', NULL, 0),
(38, 31, 38, 'variant_image', 'https://cdn.shopify.com/s/files/1/0825/6713/5537/files/Lakme9to5WeightlessMousseFoundationWarmMocha.jpg?v=1734433435', NULL, 0),
(39, 32, 39, 'variant_image', 'https://cdn.shopify.com/s/files/1/0825/6713/5537/files/LakmeAbsolutePerfectRadianceBrighteningFacialFoam.jpg?v=1734433333', NULL, 0),
(40, 33, 40, 'variant_image', 'https://cdn.shopify.com/s/files/1/0825/6713/5537/files/12904_H-8901030916212_768d8b76-44b8-412a-a378-7e2381185d9c.jpg?v=1734433323', NULL, 0),
(41, 34, 41, 'variant_image', 'https://cdn.shopify.com/s/files/1/0825/6713/5537/files/Lakme9to5EyeColorQuartetEyeShadow-DesertRose.jpg?v=1734433315', NULL, 0),
(42, 35, 42, 'variant_image', 'https://cdn.shopify.com/s/files/1/0825/6713/5537/files/Vintagepink.jpg?v=1734433305', NULL, 0),
(43, 35, 43, 'variant_image', 'https://cdn.shopify.com/s/files/1/0825/6713/5537/files/mulberry-feast.jpg?v=1734433306', NULL, 0),
(44, 35, 44, 'variant_image', 'https://cdn.shopify.com/s/files/1/0825/6713/5537/files/mild-mauve.jpg?v=1734433306', NULL, 0),
(45, 35, 45, 'variant_image', 'https://cdn.shopify.com/s/files/1/0825/6713/5537/files/crazy-tangerine.jpg?v=1734433306', NULL, 0),
(46, 35, 46, 'variant_image', 'https://cdn.shopify.com/s/files/1/0825/6713/5537/files/firestarter-red.jpg?v=1734433306', NULL, 0),
(47, 35, 47, 'variant_image', 'https://cdn.shopify.com/s/files/1/0825/6713/5537/files/nude-hit.jpg?v=1734433306', NULL, 0),
(48, 35, 48, 'variant_image', 'https://cdn.shopify.com/s/files/1/0825/6713/5537/files/red-vibe.jpg?v=1734433307', NULL, 0),
(49, 35, 49, 'variant_image', 'https://cdn.shopify.com/s/files/1/0825/6713/5537/files/mauve-mix.jpg?v=1734433307', NULL, 0),
(50, 35, 50, 'variant_image', 'https://cdn.shopify.com/s/files/1/0825/6713/5537/files/peach-rose.jpg?v=1734433307', NULL, 0),
(51, 36, 51, 'variant_image', 'https://cdn.shopify.com/s/files/1/0825/6713/5537/files/Hero_0c747456-364d-4f98-aab0-5111711e0605.jpg?v=1734433204', NULL, 0),
(52, 37, 52, 'variant_image', 'https://cdn.shopify.com/s/files/1/0825/6713/5537/files/Lakme9to5NaturaleCCCreamBronze.jpg?v=1734433194', NULL, 0),
(53, 37, 53, 'variant_image', 'https://cdn.shopify.com/s/files/1/0825/6713/5537/files/2_20f01033-5094-4de1-a8bd-f77605bb6efb.jpg?v=1734433194', NULL, 0),
(54, 38, 54, 'variant_image', 'https://cdn.shopify.com/s/files/1/0825/6713/5537/files/12956_S1-8901030669828.jpg?v=1734433181', NULL, 0),
(55, 39, 55, 'variant_image', 'https://cdn.shopify.com/s/files/1/0825/6713/5537/files/LakmeAbsoluteGlossArtistEyeLiner-Black.jpg?v=1734433170', NULL, 0),
(56, 40, 56, 'variant_image', 'https://cdn.shopify.com/s/files/1/0825/6713/5537/files/Lakme9to5NaturaleAloeAquaGel.png?v=1734433161', NULL, 0),
(57, 41, 57, 'variant_image', 'https://cdn.shopify.com/s/files/1/0825/6713/5537/files/24004_S1-8901030825262.jpg?v=1734433152', NULL, 0),
(58, 42, 58, 'variant_image', 'https://cdn.shopify.com/s/files/1/0825/6713/5537/files/24003_S1-8901030825279.jpg?v=1734433142', NULL, 0),
(59, 43, 59, 'variant_image', 'https://cdn.shopify.com/s/files/1/0825/6713/5537/files/24030_H-8901030986147.jpg?v=1734433129', NULL, 0),
(60, 43, 60, 'variant_image', 'https://cdn.shopify.com/s/files/1/0825/6713/5537/files/24031_H-8901030986130.jpg?v=1734433129', NULL, 0),
(61, 43, 61, 'variant_image', 'https://cdn.shopify.com/s/files/1/0825/6713/5537/files/24032_H-8901030995293.jpg?v=1734433130', NULL, 0),
(62, 43, 62, 'variant_image', 'https://cdn.shopify.com/s/files/1/0825/6713/5537/files/24033_H-8901030995286.jpg?v=1734433130', NULL, 0),
(63, 43, 63, 'variant_image', 'https://cdn.shopify.com/s/files/1/0825/6713/5537/files/24034_H-8901030995279.jpg?v=1734433130', NULL, 0),
(64, 43, 64, 'variant_image', 'https://cdn.shopify.com/s/files/1/0825/6713/5537/files/24035_H-8901030995262.jpg?v=1734433130', NULL, 0),
(65, 44, 65, 'variant_image', 'https://cdn.shopify.com/s/files/1/0825/6713/5537/files/LakmeSunExpertUltraMatteGelSunscreenSPF50PA_50ML_058ca54b-59d8-43d4-96c6-2f3cb75031f8.jpg?v=1734433043', NULL, 0),
(66, 45, 66, 'variant_image', 'https://cdn.shopify.com/s/files/1/0825/6713/5537/files/23895_S1-8901030612114.png?v=1734433034', NULL, 0),
(67, 46, 67, 'variant_image', 'https://cdn.shopify.com/s/files/1/0825/6713/5537/files/blusher.png?v=1734433029', NULL, 0),
(68, 46, 68, 'variant_image', 'https://cdn.shopify.com/s/files/1/0825/6713/5537/files/24292_S2-8901030716126.jpg?v=1734433029', NULL, 0),
(69, 46, 69, 'variant_image', 'https://cdn.shopify.com/s/files/1/0825/6713/5537/files/24293_S2-8901030716133.jpg?v=1734433029', NULL, 0),
(70, 46, 70, 'variant_image', 'https://cdn.shopify.com/s/files/1/0825/6713/5537/files/24294_S2-8901030716140.jpg?v=1734433029', NULL, 0),
(71, 47, 71, 'variant_image', 'https://cdn.shopify.com/s/files/1/0825/6713/5537/files/Lakme9to5BlackImpactLiner.jpg?v=1734433009', NULL, 0),
(72, 48, 72, 'variant_image', 'https://cdn.shopify.com/s/files/1/0825/6713/5537/files/LakmeAbsoluteFlutterSecretsDramaticEyesMascara.png?v=1734433001', NULL, 0),
(73, 49, 73, 'variant_image', 'https://cdn.shopify.com/s/files/1/0825/6713/5537/files/LakmeAbsoluteFaceStylistBlushDuosRoseBlush_93563c2f-74b7-4fe9-a954-fe596c21a529.png?v=1734432995', NULL, 0),
(74, 49, 74, 'variant_image', 'https://cdn.shopify.com/s/files/1/0825/6713/5537/files/Coral_Blush.jpg?v=1734432995', NULL, 0),
(75, 49, 75, 'variant_image', 'https://cdn.shopify.com/s/files/1/0825/6713/5537/files/LakmeAbsoluteFaceStylistBlushDuosPinkBlush.jpg?v=1734432995', NULL, 0),
(76, 50, 76, 'variant_image', 'https://cdn.shopify.com/s/files/1/0825/6713/5537/files/LakmeAbsolutePlump_ShineLipGlossBeigeShine.jpg?v=1734432971', NULL, 0),
(77, 50, 77, 'variant_image', 'https://cdn.shopify.com/s/files/1/0825/6713/5537/files/LakmeAbsolutePlump_ShineLipGlossCandyShine.jpg?v=1734432971', NULL, 0),
(78, 50, 78, 'variant_image', 'https://cdn.shopify.com/s/files/1/0825/6713/5537/files/LakmeAbsolutePlump_ShineLipGlossPlumShine.jpg?v=1734432971', NULL, 0),
(79, 50, 79, 'variant_image', 'https://cdn.shopify.com/s/files/1/0825/6713/5537/files/LakmeAbsolutePlump_ShineLipGlossPinkShine.jpg?v=1734432971', NULL, 0),
(80, 50, 80, 'variant_image', 'https://cdn.shopify.com/s/files/1/0825/6713/5537/files/LakmeAbsolutePlump_ShineLipGlossRedShine.jpg?v=1734432971', NULL, 0),
(81, 50, 81, 'variant_image', 'https://cdn.shopify.com/s/files/1/0825/6713/5537/files/LakmeAbsolutePlump_ShineLipGlossCherryShine.jpg?v=1734432971', NULL, 0),
(82, 50, 82, 'variant_image', 'https://cdn.shopify.com/s/files/1/0825/6713/5537/files/LakmeAbsolutePlump_ShineLipGlossCrimsonShine.jpg?v=1734432971', NULL, 0),
(83, 50, 83, 'variant_image', 'https://cdn.shopify.com/s/files/1/0825/6713/5537/files/23246_S1-8901030476150_776b2325-83bd-43d7-b9ae-5297d441d8de.jpg?v=1734432971', NULL, 0);

-- --------------------------------------------------------

--
-- Table structure for table `source_inventory`
--

DROP TABLE IF EXISTS `source_inventory`;
CREATE TABLE IF NOT EXISTS `source_inventory` (
  `id` bigint NOT NULL AUTO_INCREMENT,
  `variant_id` bigint DEFAULT NULL,
  `quantity` int DEFAULT NULL,
  `manage_stock` tinyint(1) DEFAULT NULL,
  `backorders_allowed` tinyint(1) DEFAULT NULL,
  PRIMARY KEY (`id`),
  KEY `variant_id` (`variant_id`)
) ENGINE=MyISAM DEFAULT CHARSET=utf8mb4 COLLATE=utf8mb4_0900_ai_ci;

-- --------------------------------------------------------

--
-- Table structure for table `source_products`
--

DROP TABLE IF EXISTS `source_products`;
CREATE TABLE IF NOT EXISTS `source_products` (
  `id` bigint NOT NULL AUTO_INCREMENT,
  `job_id` int NOT NULL,
  `platform_product_id` varchar(100) DEFAULT NULL,
  `handle` varchar(255) DEFAULT NULL,
  `title` varchar(255) DEFAULT NULL,
  `description` text,
  `mrp` varchar(255) DEFAULT NULL,
  `sale_price` varchar(255) DEFAULT NULL,
  `vendor` varchar(255) DEFAULT NULL,
  `product_type` varchar(255) DEFAULT NULL,
  `status` varchar(50) DEFAULT NULL,
  `created_at` datetime DEFAULT NULL,
  `updated_at` datetime DEFAULT NULL,
  PRIMARY KEY (`id`),
  KEY `job_id` (`job_id`)
) ENGINE=MyISAM AUTO_INCREMENT=51 DEFAULT CHARSET=utf8mb4 COLLATE=utf8mb4_0900_ai_ci;

--
-- Dumping data for table `source_products`
--

INSERT INTO `source_products` (`id`, `job_id`, `platform_product_id`, `handle`, `title`, `description`, `mrp`, `sale_price`, `vendor`, `product_type`, `status`, `created_at`, `updated_at`) VALUES
(1, 131, 'lakme-vitc-superglow-tint-compact-concealer-trio-value-set', 'lakme-vitc-superglow-tint-compact-concealer-trio-value-set', 'Lakm VitC Superglow Tint, Compact & Concealer Trio', '', '1049.00', '892.00', NULL, NULL, 'publish', NULL, NULL),
(2, 131, 'lakme-vitc-superglow-skin-perfecting-collection-set-of-4-value-set', 'lakme-vitc-superglow-skin-perfecting-collection-set-of-4-value-set', 'Lakm VitC Superglow Skin Perfecting Collection (Set of 4)', '', '1448.00', '1230.00', NULL, NULL, 'publish', NULL, NULL),
(3, 131, 'lakme-vitc-superglow-primer-tint-concealer-trio-value-set', 'lakme-vitc-superglow-primer-tint-concealer-trio-value-set', 'Lakm VitC Superglow Primer, Tint & Concealer Trio', '', '1098.00', '933.00', NULL, NULL, 'publish', NULL, NULL),
(4, 131, 'lakme-vitc-superglow-tint-concealer-combo-value-set', 'lakme-vitc-superglow-tint-concealer-combo-value-set', 'Lakm VitC Superglow Tint + Concealer Combo', '', '699.00', '629.00', NULL, NULL, 'publish', NULL, NULL),
(5, 131, 'lakme-vitc-superglow-primer-tint-combo-value-set', 'lakme-vitc-superglow-primer-tint-combo-value-set', 'Lakm VitC Superglow Primer + Tint Combo', '', '798.00', '718.00', NULL, NULL, 'publish', NULL, NULL),
(6, 131, 'lakme-vitc-superglow-primer-concealer-combo-value-set', 'lakme-vitc-superglow-primer-concealer-combo-value-set', 'Lakm VitC Superglow Primer + Concealer Combo', '', '699.00', '629.00', NULL, NULL, 'publish', NULL, NULL),
(7, 131, 'lakme-vitc-superglow-primer-compact-combo-value-set', 'lakme-vitc-superglow-primer-compact-combo-value-set', 'Lakm VitC Superglow Primer + Compact Combo', '', '749.00', '674.00', NULL, NULL, 'publish', NULL, NULL),
(8, 131, 'lakme-superglow-tint-compact-combo-value-set', 'lakme-superglow-tint-compact-combo-value-set', 'Lakm Superglow Tint + Compact Combo', '', '749.00', '674.00', NULL, NULL, 'publish', NULL, NULL),
(9, 131, 'blossom-bae', 'blossom-bae', 'Call Me Bae Lip + Blush Combo', '', '', '2098.00', NULL, NULL, 'publish', NULL, NULL),
(10, 131, 'pink-blossom', 'pink-blossom', 'Pink Blossom Lip + Blush Combo', '', '', '1898.00', NULL, NULL, 'publish', NULL, NULL),
(11, 131, 'drizzle-in-the-orchard', 'drizzle-in-the-orchard', 'Sweet Drizzle Lipstick Combo', '', '', '2098.00', NULL, NULL, 'publish', NULL, NULL),
(12, 131, 'blooming-rose', 'blooming-rose', 'Blooming Beauty Lipstick Combo', '', '', '2198.00', NULL, NULL, 'publish', NULL, NULL),
(13, 131, 'lakme-absolute-argan-oil-radiance-oil-in-gel', 'lakme-absolute-argan-oil-radiance-oil-in-gel', 'Lakm Absolute Argan Oil Radiance Oil-in-Gel', '', '799.00', '679.00', NULL, NULL, 'publish', NULL, NULL),
(14, 131, 'lakme-lip-love-chapstick-purlipcare-4-5g', 'lakme-lip-love-chapstick-purlipcare-4-5g', 'Lakm Lip Love Chapstick', '', '', '160.00', NULL, NULL, 'publish', NULL, NULL),
(15, 131, 'shantanu-nikhil-x-lakme-special-edition-gift-box', 'shantanu-nikhil-x-lakme-special-edition-gift-box', 'Shantanu & Nikhil X Lakm Special Edition Gift box', '', '2448.00', '1958.00', NULL, NULL, 'publish', NULL, NULL),
(16, 131, 'lakme-eyeconic-kajal-twin-pack-0-35g-0-35g', 'lakme-eyeconic-kajal-twin-pack-0-35g-0-35g', 'Lakm 9 to 5 Eyeconic Kajal Twin Pack', '', '399.00', '330.00', NULL, NULL, 'publish', NULL, NULL),
(17, 131, 'lakme-sun-expert-spf-30-pa-ultra-matte-lotion-50-ml', 'lakme-sun-expert-spf-30-pa-ultra-matte-lotion-50-ml', 'Lakm Sun Expert SPF 30 PA++ Ultra Matte Lotion, 50 ml', '', '299.00', '220.00', NULL, NULL, 'publish', NULL, NULL),
(18, 131, 'lakme-sun-expert-spf-50-pa-ultra-matte-lotion-50-ml', 'lakme-sun-expert-spf-50-pa-ultra-matte-lotion-50-ml', 'Lakm Sun Expert SPF 50 PA+++ Ultra Matte Lotion, 50 ml', '', '325.00', '260.00', NULL, NULL, 'publish', NULL, NULL),
(19, 131, 'lakme-peach-milk-moisturizer-body-lotion-200-ml', 'lakme-peach-milk-moisturizer-body-lotion-200-ml', 'Lakm Peach Milk Moisturizer Body Lotion 200 ml', '', '435.00', '399.00', NULL, NULL, 'publish', NULL, NULL),
(20, 131, 'lakme-peach-milk-moisturizer-spf-24-pa-sunscreen-lotion-120-ml', 'lakme-peach-milk-moisturizer-spf-24-pa-sunscreen-lotion-120-ml', 'Lakm Peach Milk Moisturizer SPF 24 PA Sunscreen Lotion 120 ml', '', '', '299.00', NULL, NULL, 'publish', NULL, NULL),
(21, 131, 'lakme-absolute-perfect-radiance-skin-brightening-light-creme-50g', 'lakme-absolute-perfect-radiance-skin-brightening-light-creme-50g', 'Lakm Absolute Perfect Radiance Skin Brightening Light Creme 50g', '', '', '449.00', NULL, NULL, 'publish', NULL, NULL),
(22, 131, 'lakme-9-to-5-naturale-day-creme-spf-20-50g', 'lakme-9-to-5-naturale-day-creme-spf-20-50g', 'Lakm 9to5 Naturale Day Crme SPF 20 - 50g', '', '375.00', '279.00', NULL, NULL, 'publish', NULL, NULL),
(23, 131, 'lakme-absolute-white-intense-spf-20-concealer-stick-3-6-g', 'lakme-absolute-white-intense-spf-20-concealer-stick-3-6-g', 'Lakm Absolute SPF 20 Concealer Stick - 3.6 g', '', '650.00', '615.00', NULL, NULL, 'publish', NULL, NULL),
(24, 131, 'lakme-absolute-precision-eye-artist-eyebrow-pencil', 'lakme-absolute-precision-eye-artist-eyebrow-pencil', 'Lakm Absolute Precision Eye Artist Eyebrow Pencil', '', '700.00', '630.00', NULL, NULL, 'publish', NULL, NULL),
(25, 131, 'lakme-xtraordin-airy-compact', 'lakme-xtraordin-airy-compact', 'Lakm  Xtraordin-airy Compact', '', '899.00', '745.00', NULL, NULL, 'publish', NULL, NULL),
(26, 131, 'lakme-peach-milk-moisturizer-body-lotion-spf-24-pa-200-ml', 'lakme-peach-milk-moisturizer-body-lotion-spf-24-pa-200-ml', 'Lakm Peach Milk Moisturizer Body Lotion', '', '525.00', '475.00', NULL, NULL, 'publish', NULL, NULL),
(27, 131, 'lakme-peach-milk-moisturizer-all-skin-types-120-ml', 'lakme-peach-milk-moisturizer-all-skin-types-120-ml', 'Lakm Peach Milk Moisturizer 120ml', '', '250.00', '199.00', NULL, NULL, 'publish', NULL, NULL),
(28, 131, 'lakme-sun-expert-ultra-matte-gel-100-ml', 'lakme-sun-expert-ultra-matte-gel-100-ml', 'Lakm  Sun Expert Gel light Sunscreen, SPF 50 PA+++ |UVA/B protection, Matte Finish 100gm', '', '599.00', '525.00', NULL, NULL, 'publish', NULL, NULL),
(29, 131, 'lakme-youth-infinity-day-creme-spf-15', 'lakme-youth-infinity-day-creme-spf-15', 'Lakm Youth Infinity Skin Firming Day Creme', '', '899.00', '635.83', NULL, NULL, 'publish', NULL, NULL),
(30, 131, 'lakme-youth-infinity-skin-sclpting-night-creme', 'lakme-youth-infinity-skin-sclpting-night-creme', 'Lakm Youth Infinity Skin Firming Night Creme', '', '999.00', '965.08', NULL, NULL, 'publish', NULL, NULL),
(31, 131, 'lakme-9to5-powerplay-mousse-foundation', 'lakme-9to5-powerplay-mousse-foundation', 'Lakm 9to5 Powerplay Mousse Foundation', '', '699.00', '600.00', NULL, NULL, 'publish', NULL, NULL),
(32, 131, 'lakme-absolute-perfect-radiance-brightening-facial-foam', 'lakme-absolute-perfect-radiance-brightening-facial-foam', 'Lakm Absolute Perfect Radiance Brightening Facial Foam', '', '499.00', '424.15', NULL, NULL, 'publish', NULL, NULL),
(33, 131, 'lakme-sun-expert-spf-50-pa-ultra-matte-lotion-100-ml', 'lakme-sun-expert-spf-50-pa-ultra-matte-lotion-100-ml', 'Lakm Sun Expert SPF 50 PA+++ Ultra Matte Lotion, 100 ml', '', '550.00', '420.00', NULL, NULL, 'publish', NULL, NULL),
(34, 131, 'lakme-9-to-5-eye-color-quartet-eye-shadow', 'lakme-9-to-5-eye-color-quartet-eye-shadow', 'Lakm 9to5 Eye Color Quartet Eye Shadow - Desert Rose', '', '700.00', '630.00', NULL, NULL, 'publish', NULL, NULL),
(35, 131, 'lakme-absolute-matte-melt-liquid-lip-color', 'lakme-absolute-matte-melt-liquid-lip-color', 'Lakm Absolute Matte Melt Liquid Lip Color', '', '', '750.00', NULL, NULL, 'publish', NULL, NULL),
(36, 131, 'lakme-9to5-naturale-night-creme', 'lakme-9to5-naturale-night-creme', 'Lakm 9to5 Naturale Night Crme', '', '425.00', '281.00', NULL, NULL, 'publish', NULL, NULL),
(37, 131, 'lakme-9to5-naturale-cc-cream', 'lakme-9to5-naturale-cc-cream', 'Lakm 9to5 Naturale CC Cream', '', '', '399.00', NULL, NULL, 'publish', NULL, NULL),
(38, 131, 'lakme-sun-compact', 'lakme-sun-compact', 'Lakm Sun Expert Ultra Matte SPF 40 PA+++ Compact - 7 g', '', '', '285.00', NULL, NULL, 'publish', NULL, NULL),
(39, 131, 'lakme-absolute-gloss-artist-eye-liner-black', 'lakme-absolute-gloss-artist-eye-liner-black', 'Lakm Absolute Gloss Artist Eye Liner - Black', '', '700.00', '640.00', NULL, NULL, 'publish', NULL, NULL),
(40, 131, 'lakme-9to5-naturale-aloe-aqua-gel', 'lakme-9to5-naturale-aloe-aqua-gel', 'Lakm 9to5 Naturale Aloe Aqua Gel 50g', '', '215.00', '180.00', NULL, NULL, 'publish', NULL, NULL),
(41, 131, 'lakme-absolute-argan-oil-radiance-overnight-oil-in-serum', 'lakme-absolute-argan-oil-radiance-overnight-oil-in-serum', 'Lakm Absolute Argan Oil Radiance Overnight Oil-in-Serum', '', '999.00', '639.20', NULL, NULL, 'publish', NULL, NULL),
(42, 131, 'lakme-absolute-argan-oil-radiance-oil-in-creme', 'lakme-absolute-argan-oil-radiance-oil-in-creme', 'Lakm Absolute Argan Oil Radiance Oil-in-Crme', '', '899.00', '719.00', NULL, NULL, 'publish', NULL, NULL),
(43, 131, 'lakme-9to5-primer-matte-powder-foundation', 'lakme-9to5-primer-matte-powder-foundation', 'Lakm Powerplay Priming Powder Foundation', '', '625.00', '540.00', NULL, NULL, 'publish', NULL, NULL),
(44, 131, 'lakme-sun-expert-gel-sunscreen-50-ml', 'lakme-sun-expert-gel-sunscreen-50-ml', 'Lakm Sun Expert Ultra Matte Gel Sunscreen SPF 50 PA+++ 50 ML', '', '365.00', '276.00', NULL, NULL, 'publish', NULL, NULL),
(45, 131, 'lakme-absolute-illuminating-shimmer-brick', 'lakme-absolute-illuminating-shimmer-brick', 'Lakm Absolute Illuminating Shimmer Brick', '', '725.00', '660.00', NULL, NULL, 'publish', NULL, NULL),
(46, 131, 'lakme-9to5-pure-rouge-blusher', 'lakme-9to5-pure-rouge-blusher', 'Lakm 9to5 Pure Rouge Blusher', '', '550.00', '515.00', NULL, NULL, 'publish', NULL, NULL),
(47, 131, 'lakme-9to5-black-impact-liner', 'lakme-9to5-black-impact-liner', 'Lakm 9to5 Black Impact Liner', '', '375.00', '355.00', NULL, NULL, 'publish', NULL, NULL),
(48, 131, 'lakme-absolute-flutter-secrets-dramatic-eyes-mascara', 'lakme-absolute-flutter-secrets-dramatic-eyes-mascara', 'Lakm Absolute Flutter Secrets Dramatic Eyes Mascara', '', '800.00', '680.00', NULL, NULL, 'publish', NULL, NULL),
(49, 131, 'lakme-absolute-face-stylist-blush-set', 'lakme-absolute-face-stylist-blush-set', 'Lakm Absolute Face Stylist Blush Duos', '', '750.00', '680.00', NULL, NULL, 'publish', NULL, NULL),
(50, 131, 'lakme-absolute-plump-shine-lip-gloss', 'lakme-absolute-plump-shine-lip-gloss', 'Lakm Absolute Plump & Shine Lip Gloss', '', '800.00', '680.00', NULL, NULL, 'publish', NULL, NULL);

-- --------------------------------------------------------

--
-- Table structure for table `source_variants`
--

DROP TABLE IF EXISTS `source_variants`;
CREATE TABLE IF NOT EXISTS `source_variants` (
  `id` bigint NOT NULL AUTO_INCREMENT,
  `job_id` int DEFAULT NULL,
  `product_id` bigint NOT NULL,
  `platform_variant_id` varchar(100) DEFAULT NULL,
  `sku` varchar(255) DEFAULT NULL,
  `price` decimal(12,2) DEFAULT NULL,
  `compare_at_price` decimal(12,2) DEFAULT NULL,
  `barcode` varchar(255) DEFAULT NULL,
  `weight` decimal(10,3) DEFAULT NULL,
  `weight_unit` varchar(10) DEFAULT NULL,
  `requires_shipping` tinyint(1) DEFAULT NULL,
  `taxable` tinyint(1) DEFAULT NULL,
  `position` int DEFAULT NULL,
  PRIMARY KEY (`id`),
  KEY `product_id` (`product_id`)
) ENGINE=MyISAM AUTO_INCREMENT=84 DEFAULT CHARSET=utf8mb4 COLLATE=utf8mb4_0900_ai_ci;

--
-- Dumping data for table `source_variants`
--

INSERT INTO `source_variants` (`id`, `job_id`, `product_id`, `platform_variant_id`, `sku`, `price`, `compare_at_price`, `barcode`, `weight`, `weight_unit`, `requires_shipping`, `taxable`, `position`) VALUES
(1, 131, 13, '\'12979', '\'12979', 679.00, 799.00, NULL, NULL, NULL, NULL, NULL, NULL),
(2, 131, 14, '\'27047', '\'27047', 160.00, 160.00, NULL, NULL, NULL, NULL, NULL, NULL),
(3, 131, 14, '\'27053', '\'27053', 160.00, 160.00, NULL, NULL, NULL, NULL, NULL, NULL),
(4, 131, 14, '\'27048', '\'27048', 160.00, 160.00, NULL, NULL, NULL, NULL, NULL, NULL),
(5, 131, 14, '\'27049', '\'27049', 160.00, 160.00, NULL, NULL, NULL, NULL, NULL, NULL),
(6, 131, 14, '\'27050', '\'27050', 160.00, 160.00, NULL, NULL, NULL, NULL, NULL, NULL),
(7, 131, 14, '\'27051', '\'27051', 160.00, 160.00, NULL, NULL, NULL, NULL, NULL, NULL),
(8, 131, 14, '\'27052', '\'27052', 160.00, 160.00, NULL, NULL, NULL, NULL, NULL, NULL),
(9, 131, 15, '\'90001', '\'90001', 1958.00, 2448.00, NULL, NULL, NULL, NULL, NULL, NULL),
(10, 131, 16, '\'24272', '\'24272', 330.00, 399.00, NULL, NULL, NULL, NULL, NULL, NULL),
(11, 131, 17, '\'22580', '\'22580', 220.00, 299.00, NULL, NULL, NULL, NULL, NULL, NULL),
(12, 131, 18, '\'12882', '\'12882', 260.00, 325.00, NULL, NULL, NULL, NULL, NULL, NULL),
(13, 131, 19, '\'22628', '\'22628', 399.00, 435.00, NULL, NULL, NULL, NULL, NULL, NULL),
(14, 131, 20, '\'23136', '\'23136', 299.00, 299.00, NULL, NULL, NULL, NULL, NULL, NULL),
(15, 131, 21, '\'23423', '\'23423', 449.00, 449.00, NULL, NULL, NULL, NULL, NULL, NULL),
(16, 131, 22, '\'12982', '\'12982', 279.00, 375.00, NULL, NULL, NULL, NULL, NULL, NULL),
(17, 131, 23, '\'23385', '\'23385', 615.00, 650.00, NULL, NULL, NULL, NULL, NULL, NULL),
(18, 131, 23, '\'23386', '\'23386', 615.00, 650.00, NULL, NULL, NULL, NULL, NULL, NULL),
(19, 131, 23, '\'23387', '\'23387', 615.00, 650.00, NULL, NULL, NULL, NULL, NULL, NULL),
(20, 131, 24, '\'23993', '\'23993', 630.00, 700.00, NULL, NULL, NULL, NULL, NULL, NULL),
(21, 131, 24, '\'23994', '\'23994', 630.00, 700.00, NULL, NULL, NULL, NULL, NULL, NULL),
(22, 131, 25, '\'22682', '\'22682', 745.00, 899.00, NULL, NULL, NULL, NULL, NULL, NULL),
(23, 131, 25, '\'23041', '\'23041', 745.00, 899.00, NULL, NULL, NULL, NULL, NULL, NULL),
(24, 131, 25, '\'22680', '\'22680', 745.00, 899.00, NULL, NULL, NULL, NULL, NULL, NULL),
(25, 131, 25, '\'22678', '\'22678', 745.00, 899.00, NULL, NULL, NULL, NULL, NULL, NULL),
(26, 131, 25, '\'23040', '\'23040', 745.00, 899.00, NULL, NULL, NULL, NULL, NULL, NULL),
(27, 131, 25, '\'23042', '\'23042', 745.00, 899.00, NULL, NULL, NULL, NULL, NULL, NULL),
(28, 131, 26, '\'23137', '\'23137', 475.00, 525.00, NULL, NULL, NULL, NULL, NULL, NULL),
(29, 131, 27, '\'22626', '\'22626', 199.00, 250.00, NULL, NULL, NULL, NULL, NULL, NULL),
(30, 131, 28, '\'12904', '\'12904', 525.00, 599.00, NULL, NULL, NULL, NULL, NULL, NULL),
(31, 131, 29, '\'23046', '\'23046', 635.83, 899.00, NULL, NULL, NULL, NULL, NULL, NULL),
(32, 131, 30, '\'23048', '\'23048', 965.08, 999.00, NULL, NULL, NULL, NULL, NULL, NULL),
(33, 131, 31, '\'23707', '\'23707', 600.00, 699.00, NULL, NULL, NULL, NULL, NULL, NULL),
(34, 131, 31, '\'23708', '\'23708', 600.00, 699.00, NULL, NULL, NULL, NULL, NULL, NULL),
(35, 131, 31, '\'23705', '\'23705', 600.00, 699.00, NULL, NULL, NULL, NULL, NULL, NULL),
(36, 131, 31, '\'23706', '\'23706', 600.00, 699.00, NULL, NULL, NULL, NULL, NULL, NULL),
(37, 131, 31, '\'24429', '\'24429', 468.00, 585.00, NULL, NULL, NULL, NULL, NULL, NULL),
(38, 131, 31, '\'24430', '\'24430', 468.00, 585.00, NULL, NULL, NULL, NULL, NULL, NULL),
(39, 131, 32, '\'12844', '\'12844', 424.15, 499.00, NULL, NULL, NULL, NULL, NULL, NULL),
(40, 131, 33, '\'12685', '\'12685', 420.00, 550.00, NULL, NULL, NULL, NULL, NULL, NULL),
(41, 131, 34, '\'22045', '\'22045', 630.00, 700.00, NULL, NULL, NULL, NULL, NULL, NULL),
(42, 131, 35, '\'24253', '\'24253', 750.00, 750.00, NULL, NULL, NULL, NULL, NULL, NULL),
(43, 131, 35, '\'24254', '\'24254', 750.00, 750.00, NULL, NULL, NULL, NULL, NULL, NULL),
(44, 131, 35, '\'24257', '\'24257', 750.00, 750.00, NULL, NULL, NULL, NULL, NULL, NULL),
(45, 131, 35, '\'24251', '\'24251', 750.00, 750.00, NULL, NULL, NULL, NULL, NULL, NULL),
(46, 131, 35, '\'24252', '\'24252', 800.00, 800.00, NULL, NULL, NULL, NULL, NULL, NULL),
(47, 131, 35, '\'24405', '\'24405', 750.00, 750.00, NULL, NULL, NULL, NULL, NULL, NULL),
(48, 131, 35, '\'24410', '\'24410', 800.00, 800.00, NULL, NULL, NULL, NULL, NULL, NULL),
(49, 131, 35, '\'24400', '\'24400', 750.00, 750.00, NULL, NULL, NULL, NULL, NULL, NULL),
(50, 131, 35, '\'24258', '\'24258', 750.00, 750.00, NULL, NULL, NULL, NULL, NULL, NULL),
(51, 131, 36, '\'12983', '\'12983', 281.00, 425.00, NULL, NULL, NULL, NULL, NULL, NULL),
(52, 131, 37, '\'12985', '\'12985', 399.00, 399.00, NULL, NULL, NULL, NULL, NULL, NULL),
(53, 131, 37, '\'12984', '\'12984', 399.00, 399.00, NULL, NULL, NULL, NULL, NULL, NULL),
(54, 131, 38, '\'12956', '\'12956', 285.00, 285.00, NULL, NULL, NULL, NULL, NULL, NULL),
(55, 131, 39, '\'23563', '\'23563', 640.00, 700.00, NULL, NULL, NULL, NULL, NULL, NULL),
(56, 131, 40, '\'12980', '\'12980', 180.00, 215.00, NULL, NULL, NULL, NULL, NULL, NULL),
(57, 131, 41, '\'24004', '\'24004', 639.20, 999.00, NULL, NULL, NULL, NULL, NULL, NULL),
(58, 131, 42, '\'24003', '\'24003', 719.00, 899.00, NULL, NULL, NULL, NULL, NULL, NULL),
(59, 131, 43, '\'24030', '\'24030', 540.00, 625.00, NULL, NULL, NULL, NULL, NULL, NULL),
(60, 131, 43, '\'24031', '\'24031', 540.00, 625.00, NULL, NULL, NULL, NULL, NULL, NULL),
(61, 131, 43, '\'24032', '\'24032', 540.00, 625.00, NULL, NULL, NULL, NULL, NULL, NULL),
(62, 131, 43, '\'24033', '\'24033', 540.00, 625.00, NULL, NULL, NULL, NULL, NULL, NULL),
(63, 131, 43, '\'24034', '\'24034', 540.00, 625.00, NULL, NULL, NULL, NULL, NULL, NULL),
(64, 131, 43, '\'24035', '\'24035', 540.00, 625.00, NULL, NULL, NULL, NULL, NULL, NULL),
(65, 131, 44, '\'12903', '\'12903', 276.00, 365.00, NULL, NULL, NULL, NULL, NULL, NULL),
(66, 131, 45, '\'23895', '\'23895', 660.00, 725.00, NULL, NULL, NULL, NULL, NULL, NULL),
(67, 131, 46, '\'22228', '\'22228', 515.00, 550.00, NULL, NULL, NULL, NULL, NULL, NULL),
(68, 131, 46, '\'24292', '\'24292', 515.00, 550.00, NULL, NULL, NULL, NULL, NULL, NULL),
(69, 131, 46, '\'24293', '\'24293', 515.00, 550.00, NULL, NULL, NULL, NULL, NULL, NULL),
(70, 131, 46, '\'24294', '\'24294', 515.00, 550.00, NULL, NULL, NULL, NULL, NULL, NULL),
(71, 131, 47, '\'22341', '\'22341', 355.00, 375.00, NULL, NULL, NULL, NULL, NULL, NULL),
(72, 131, 48, '\'22764', '\'22764', 680.00, 800.00, NULL, NULL, NULL, NULL, NULL, NULL),
(73, 131, 49, '\'23355', '\'23355', 680.00, 750.00, NULL, NULL, NULL, NULL, NULL, NULL),
(74, 131, 49, '\'23352', '\'23352', 680.00, 750.00, NULL, NULL, NULL, NULL, NULL, NULL),
(75, 131, 49, '\'23353', '\'23353', 680.00, 750.00, NULL, NULL, NULL, NULL, NULL, NULL),
(76, 131, 50, '\'22783', '\'22783', 680.00, 800.00, NULL, NULL, NULL, NULL, NULL, NULL),
(77, 131, 50, '\'22786', '\'22786', 400.00, 500.00, NULL, NULL, NULL, NULL, NULL, NULL),
(78, 131, 50, '\'22787', '\'22787', 680.00, 800.00, NULL, NULL, NULL, NULL, NULL, NULL),
(79, 131, 50, '\'23252', '\'23252', 680.00, 800.00, NULL, NULL, NULL, NULL, NULL, NULL),
(80, 131, 50, '\'23250', '\'23250', 680.00, 800.00, NULL, NULL, NULL, NULL, NULL, NULL),
(81, 131, 50, '\'22785', '\'22785', 400.00, 500.00, NULL, NULL, NULL, NULL, NULL, NULL),
(82, 131, 50, '\'23256', '\'23256', 400.00, 500.00, NULL, NULL, NULL, NULL, NULL, NULL),
(83, 131, 50, '\'23246', '\'23246', 680.00, 800.00, NULL, NULL, NULL, NULL, NULL, NULL);

-- --------------------------------------------------------

--
-- Table structure for table `universal_attributes`
--

DROP TABLE IF EXISTS `universal_attributes`;
CREATE TABLE IF NOT EXISTS `universal_attributes` (
  `id` bigint NOT NULL AUTO_INCREMENT,
  `product_id` bigint DEFAULT NULL,
  `variant_id` bigint DEFAULT NULL,
  `name` varchar(255) DEFAULT NULL,
  `value` varchar(255) DEFAULT NULL,
  `is_variation` tinyint(1) DEFAULT NULL,
  PRIMARY KEY (`id`),
  KEY `variant_id` (`variant_id`)
) ENGINE=MyISAM AUTO_INCREMENT=135 DEFAULT CHARSET=utf8mb4 COLLATE=utf8mb4_0900_ai_ci;

--
-- Dumping data for table `universal_attributes`
--

INSERT INTO `universal_attributes` (`id`, `product_id`, `variant_id`, `name`, `value`, `is_variation`) VALUES
(1, 14, NULL, 'Color', 'Cherry,Purelipcare,Strawberry,Mango,Apricot,Caramel,Insta Pink', NULL),
(2, 14, 2, 'Color', 'Cherry', NULL),
(3, 14, 3, 'Color', 'Purelipcare', NULL),
(4, 14, 4, 'Color', 'Strawberry', NULL),
(5, 14, 5, 'Color', 'Mango', NULL),
(6, 14, 6, 'Color', 'Apricot', NULL),
(7, 14, 7, 'Color', 'Caramel', NULL),
(8, 14, 8, 'Color', 'Insta Pink', NULL),
(9, 14, NULL, 'Color', 'Cherry,Purelipcare,Strawberry,Mango,Apricot,Caramel,Insta Pink', NULL),
(10, 14, NULL, 'Color', 'Cherry', NULL),
(11, 14, NULL, 'Color', 'Purelipcare', NULL),
(12, 14, NULL, 'Color', 'Strawberry', NULL),
(13, 14, NULL, 'Color', 'Mango', NULL),
(14, 14, NULL, 'Color', 'Apricot', NULL),
(15, 14, NULL, 'Color', 'Caramel', NULL),
(16, 14, NULL, 'Color', 'Insta Pink', NULL),
(17, 23, NULL, 'Color', 'Fair,Medium,Honey', NULL),
(18, 23, 17, 'Color', 'Fair', NULL),
(19, 23, 18, 'Color', 'Medium', NULL),
(20, 23, 19, 'Color', 'Honey', NULL),
(21, 23, NULL, 'Color', 'Fair,Medium,Honey', NULL),
(22, 23, NULL, 'Color', 'Fair', NULL),
(23, 23, NULL, 'Color', 'Medium', NULL),
(24, 23, NULL, 'Color', 'Honey', NULL),
(25, 24, NULL, 'Color', 'Natural Black,Dark Brown', NULL),
(26, 24, 20, 'Color', 'Natural Black', NULL),
(27, 24, 21, 'Color', 'Dark Brown', NULL),
(28, 24, NULL, 'Color', 'Natural Black,Dark Brown', NULL),
(29, 24, NULL, 'Color', 'Natural Black', NULL),
(30, 24, NULL, 'Color', 'Dark Brown', NULL),
(31, 25, NULL, 'Color', 'Beige Honey,Golden Light,Golden Medium,Ivory Fair,Rose Fair,Almond Honey', NULL),
(32, 25, 22, 'Color', 'Beige Honey', NULL),
(33, 25, 23, 'Color', 'Golden Light', NULL),
(34, 25, 24, 'Color', 'Golden Medium', NULL),
(35, 25, 25, 'Color', 'Ivory Fair', NULL),
(36, 25, 26, 'Color', 'Rose Fair', NULL),
(37, 25, 27, 'Color', 'Almond Honey', NULL),
(38, 25, NULL, 'Color', 'Beige Honey,Golden Light,Golden Medium,Ivory Fair,Rose Fair,Almond Honey', NULL),
(39, 25, NULL, 'Color', 'Beige Honey', NULL),
(40, 25, NULL, 'Color', 'Golden Light', NULL),
(41, 25, NULL, 'Color', 'Golden Medium', NULL),
(42, 25, NULL, 'Color', 'Ivory Fair', NULL),
(43, 25, NULL, 'Color', 'Rose Fair', NULL),
(44, 25, NULL, 'Color', 'Almond Honey', NULL),
(45, 31, NULL, 'Color', 'Beige Caramel,Rose Honey,Rose Ivory,Beige Vanilla,Walnut,Warm Mocha', NULL),
(46, 31, 33, 'Color', 'Beige Caramel', NULL),
(47, 31, 34, 'Color', 'Rose Honey', NULL),
(48, 31, 35, 'Color', 'Rose Ivory', NULL),
(49, 31, 36, 'Color', 'Beige Vanilla', NULL),
(50, 31, 37, 'Color', 'Walnut', NULL),
(51, 31, 38, 'Color', 'Warm Mocha', NULL),
(52, 31, NULL, 'Color', 'Beige Caramel,Rose Honey,Rose Ivory,Beige Vanilla,Walnut,Warm Mocha', NULL),
(53, 31, NULL, 'Color', 'Beige Caramel', NULL),
(54, 31, NULL, 'Color', 'Rose Honey', NULL),
(55, 31, NULL, 'Color', 'Rose Ivory', NULL),
(56, 31, NULL, 'Color', 'Beige Vanilla', NULL),
(57, 31, NULL, 'Color', 'Walnut', NULL),
(58, 31, NULL, 'Color', 'Warm Mocha', NULL),
(59, 35, NULL, 'Color', 'Vintage Pink,Mulberry Feast,Mild Mauve,Crazy Tangerine,Firestarter Red,Nude Hit,Red Vibe,Mauve Mix,Peach Rose', NULL),
(60, 35, 42, 'Color', 'Vintage Pink', NULL),
(61, 35, 43, 'Color', 'Mulberry Feast', NULL),
(62, 35, 44, 'Color', 'Mild Mauve', NULL),
(63, 35, 45, 'Color', 'Crazy Tangerine', NULL),
(64, 35, 46, 'Color', 'Firestarter Red', NULL),
(65, 35, 47, 'Color', 'Nude Hit', NULL),
(66, 35, 48, 'Color', 'Red Vibe', NULL),
(67, 35, 49, 'Color', 'Mauve Mix', NULL),
(68, 35, 50, 'Color', 'Peach Rose', NULL),
(69, 35, NULL, 'Color', 'Vintage Pink,Mulberry Feast,Mild Mauve,Crazy Tangerine,Firestarter Red,Nude Hit,Red Vibe,Mauve Mix,Peach Rose', NULL),
(70, 35, NULL, 'Color', 'Vintage Pink', NULL),
(71, 35, NULL, 'Color', 'Mulberry Feast', NULL),
(72, 35, NULL, 'Color', 'Mild Mauve', NULL),
(73, 35, NULL, 'Color', 'Crazy Tangerine', NULL),
(74, 35, NULL, 'Color', 'Firestarter Red', NULL),
(75, 35, NULL, 'Color', 'Nude Hit', NULL),
(76, 35, NULL, 'Color', 'Red Vibe', NULL),
(77, 35, NULL, 'Color', 'Mauve Mix', NULL),
(78, 35, NULL, 'Color', 'Peach Rose', NULL),
(79, 37, NULL, 'Color', 'Bronze,Honey', NULL),
(80, 37, 52, 'Color', 'Bronze', NULL),
(81, 37, 53, 'Color', 'Honey', NULL),
(82, 37, NULL, 'Color', 'Bronze,Honey', NULL),
(83, 37, NULL, 'Color', 'Bronze', NULL),
(84, 37, NULL, 'Color', 'Honey', NULL),
(85, 43, NULL, 'Color', 'Ivory Cream,Rose Silk,Silky Golden,Natural Light,Honey Dew,Natural Almond', NULL),
(86, 43, 59, 'Color', 'Ivory Cream', NULL),
(87, 43, 60, 'Color', 'Rose Silk', NULL),
(88, 43, 61, 'Color', 'Silky Golden', NULL),
(89, 43, 62, 'Color', 'Natural Light', NULL),
(90, 43, 63, 'Color', 'Honey Dew', NULL),
(91, 43, 64, 'Color', 'Natural Almond', NULL),
(92, 43, NULL, 'Color', 'Ivory Cream,Rose Silk,Silky Golden,Natural Light,Honey Dew,Natural Almond', NULL),
(93, 43, NULL, 'Color', 'Ivory Cream', NULL),
(94, 43, NULL, 'Color', 'Rose Silk', NULL),
(95, 43, NULL, 'Color', 'Silky Golden', NULL),
(96, 43, NULL, 'Color', 'Natural Light', NULL),
(97, 43, NULL, 'Color', 'Honey Dew', NULL),
(98, 43, NULL, 'Color', 'Natural Almond', NULL),
(99, 46, NULL, 'Color', 'Peach Affair,Coral Punch,Nude Flush,Pretty Pink', NULL),
(100, 46, 67, 'Color', 'Peach Affair', NULL),
(101, 46, 68, 'Color', 'Coral Punch', NULL),
(102, 46, 69, 'Color', 'Nude Flush', NULL),
(103, 46, 70, 'Color', 'Pretty Pink', NULL),
(104, 46, NULL, 'Color', 'Peach Affair,Coral Punch,Nude Flush,Pretty Pink', NULL),
(105, 46, NULL, 'Color', 'Peach Affair', NULL),
(106, 46, NULL, 'Color', 'Coral Punch', NULL),
(107, 46, NULL, 'Color', 'Nude Flush', NULL),
(108, 46, NULL, 'Color', 'Pretty Pink', NULL),
(109, 49, NULL, 'Color', 'Rose Blush,Coral Blush,Pink Blush', NULL),
(110, 49, 73, 'Color', 'Rose Blush', NULL),
(111, 49, 74, 'Color', 'Coral Blush', NULL),
(112, 49, 75, 'Color', 'Pink Blush', NULL),
(113, 49, NULL, 'Color', 'Rose Blush,Coral Blush,Pink Blush', NULL),
(114, 49, NULL, 'Color', 'Rose Blush', NULL),
(115, 49, NULL, 'Color', 'Coral Blush', NULL),
(116, 49, NULL, 'Color', 'Pink Blush', NULL),
(117, 50, NULL, 'Color', 'Beige Shine,Candy Shine,Plum Shine,Pink Shine,Red Shine,Cherry Shine,Crimson Shine,Rose Shine', NULL),
(118, 50, 76, 'Color', 'Beige Shine', NULL),
(119, 50, 77, 'Color', 'Candy Shine', NULL),
(120, 50, 78, 'Color', 'Plum Shine', NULL),
(121, 50, 79, 'Color', 'Pink Shine', NULL),
(122, 50, 80, 'Color', 'Red Shine', NULL),
(123, 50, 81, 'Color', 'Cherry Shine', NULL),
(124, 50, 82, 'Color', 'Crimson Shine', NULL),
(125, 50, 83, 'Color', 'Rose Shine', NULL),
(126, 50, NULL, 'Color', 'Beige Shine,Candy Shine,Plum Shine,Pink Shine,Red Shine,Cherry Shine,Crimson Shine,Rose Shine', NULL),
(127, 50, NULL, 'Color', 'Beige Shine', NULL),
(128, 50, NULL, 'Color', 'Candy Shine', NULL),
(129, 50, NULL, 'Color', 'Plum Shine', NULL),
(130, 50, NULL, 'Color', 'Pink Shine', NULL),
(131, 50, NULL, 'Color', 'Red Shine', NULL),
(132, 50, NULL, 'Color', 'Cherry Shine', NULL),
(133, 50, NULL, 'Color', 'Crimson Shine', NULL),
(134, 50, NULL, 'Color', 'Rose Shine', NULL);

-- --------------------------------------------------------

--
-- Table structure for table `universal_images`
--

DROP TABLE IF EXISTS `universal_images`;
CREATE TABLE IF NOT EXISTS `universal_images` (
  `id` bigint NOT NULL AUTO_INCREMENT,
  `product_id` bigint DEFAULT NULL,
  `variant_id` bigint DEFAULT NULL,
  `type` varchar(255) DEFAULT NULL,
  `url` text,
  `alt_text` varchar(255) DEFAULT NULL,
  `sort_order` int DEFAULT NULL,
  PRIMARY KEY (`id`),
  KEY `product_id` (`product_id`)
) ENGINE=MyISAM AUTO_INCREMENT=84 DEFAULT CHARSET=utf8mb4 COLLATE=utf8mb4_0900_ai_ci;

--
-- Dumping data for table `universal_images`
--

INSERT INTO `universal_images` (`id`, `product_id`, `variant_id`, `type`, `url`, `alt_text`, `sort_order`) VALUES
(1, 13, 1, 'variant_image', 'https://cdn.shopify.com/s/files/1/0825/6713/5537/files/12979_S1-8901030825286.jpg?v=1734433770', NULL, 0),
(2, 14, 2, 'variant_image', 'https://cdn.shopify.com/s/files/1/0825/6713/5537/files/LakmeLipLoveChapstickCherry.jpg?v=1734433757', NULL, 0),
(3, 14, 3, 'variant_image', 'https://cdn.shopify.com/s/files/1/0825/6713/5537/files/LakmeLipLoveChapstickPurelipcare.png?v=1734433757', NULL, 0),
(4, 14, 4, 'variant_image', 'https://cdn.shopify.com/s/files/1/0825/6713/5537/files/LakmeLipLoveChapstickStrawberry.jpg?v=1734433757', NULL, 0),
(5, 14, 5, 'variant_image', 'https://cdn.shopify.com/s/files/1/0825/6713/5537/files/LakmeLipLoveChapstickMango.jpg?v=1734433758', NULL, 0),
(6, 14, 6, 'variant_image', 'https://cdn.shopify.com/s/files/1/0825/6713/5537/files/LakmeLipLoveChapstickApricot.jpg?v=1734433758', NULL, 0),
(7, 14, 7, 'variant_image', 'https://cdn.shopify.com/s/files/1/0825/6713/5537/files/LakmeLipLoveChapstickCaramel.jpg?v=1734433758', NULL, 0),
(8, 14, 8, 'variant_image', 'https://cdn.shopify.com/s/files/1/0825/6713/5537/files/LakmeLipLoveChapstickInstaPink.jpg?v=1734433758', NULL, 0),
(9, 15, 9, 'variant_image', 'https://cdn.shopify.com/s/files/1/0825/6713/5537/files/ShantanuNIkhil.png?v=1734433701', NULL, 0),
(10, 16, 10, 'variant_image', 'https://cdn.shopify.com/s/files/1/0825/6713/5537/files/24272_H-8901030979545.jpg?v=1734433694', NULL, 0),
(11, 17, 11, 'variant_image', 'https://cdn.shopify.com/s/files/1/0825/6713/5537/files/22580_S1-8901030764813.jpg?v=1734433679', NULL, 0),
(12, 18, 12, 'variant_image', 'https://cdn.shopify.com/s/files/1/0825/6713/5537/files/12904_H-8901030916212_4e8ce197-1287-486d-984b-d9bb148f6b42.jpg?v=1734433668', NULL, 0),
(13, 19, 13, 'variant_image', 'https://cdn.shopify.com/s/files/1/0825/6713/5537/files/22628_H-8901030974373.jpg?v=1734433656', NULL, 0),
(14, 20, 14, 'variant_image', 'https://cdn.shopify.com/s/files/1/0825/6713/5537/files/23136_H-8901030974397.jpg?v=1734433642', NULL, 0),
(15, 21, 15, 'variant_image', 'https://cdn.shopify.com/s/files/1/0825/6713/5537/files/23423_H-8901030954689.jpg?v=1734433627', NULL, 0),
(16, 22, 16, 'variant_image', 'https://cdn.shopify.com/s/files/1/0825/6713/5537/files/LAKME9to5NaturaleDayCremeSPF20-50g.jpg?v=1734433611', NULL, 0),
(17, 23, 17, 'variant_image', 'https://cdn.shopify.com/s/files/1/0825/6713/5537/files/Fair.jpg?v=1734433600', NULL, 0),
(18, 23, 18, 'variant_image', 'https://cdn.shopify.com/s/files/1/0825/6713/5537/files/Medium.jpg?v=1734433600', NULL, 0),
(19, 23, 19, 'variant_image', 'https://cdn.shopify.com/s/files/1/0825/6713/5537/files/Honey_bbbe755a-eb69-48a4-b6ca-cb9c387d6485.jpg?v=1734433600', NULL, 0),
(20, 24, 20, 'variant_image', 'https://cdn.shopify.com/s/files/1/0825/6713/5537/files/LakmeAbsolutePrecisionEyeArtistEyebrowPencilNaturalBlack.jpg?v=1734433584', NULL, 0),
(21, 24, 21, 'variant_image', 'https://cdn.shopify.com/s/files/1/0825/6713/5537/files/LakmeAbsolutePrecisionEyeArtistEyebrowPencilDarkBrown.jpg?v=1734433584', NULL, 0),
(22, 25, 22, 'variant_image', 'https://cdn.shopify.com/s/files/1/0825/6713/5537/files/22682_H-8901030983467.jpg?v=1734433567', NULL, 0),
(23, 25, 23, 'variant_image', 'https://cdn.shopify.com/s/files/1/0825/6713/5537/files/23041_H_8901030461798_1.jpg?v=1734433567', NULL, 0),
(24, 25, 24, 'variant_image', 'https://cdn.shopify.com/s/files/1/0825/6713/5537/files/22680_H-8901030983474.jpg?v=1734433568', NULL, 0),
(25, 25, 25, 'variant_image', 'https://cdn.shopify.com/s/files/1/0825/6713/5537/files/22678_H-8901030983481.jpg?v=1734433567', NULL, 0),
(26, 25, 26, 'variant_image', 'https://cdn.shopify.com/s/files/1/0825/6713/5537/files/23040_H-8901030983450.jpg?v=1734433567', NULL, 0),
(27, 25, 27, 'variant_image', 'https://cdn.shopify.com/s/files/1/0825/6713/5537/files/23042_H_8901030461804.jpg?v=1734433567', NULL, 0),
(28, 26, 28, 'variant_image', 'https://cdn.shopify.com/s/files/1/0825/6713/5537/files/23137_H-8901030974403.jpg?v=1734433495', NULL, 0),
(29, 27, 29, 'variant_image', 'https://cdn.shopify.com/s/files/1/0825/6713/5537/files/22626_H-8901030974366.jpg?v=1734433484', NULL, 0),
(30, 28, 30, 'variant_image', 'https://cdn.shopify.com/s/files/1/0825/6713/5537/files/12904_H-8901030978678.jpg?v=1734433473', NULL, 0),
(31, 29, 31, 'variant_image', 'https://cdn.shopify.com/s/files/1/0825/6713/5537/files/FOP_c1d6ec68-27ba-470c-a6e0-116bf961b27e.jpg?v=1734433461', NULL, 0),
(32, 30, 32, 'variant_image', 'https://cdn.shopify.com/s/files/1/0825/6713/5537/files/23048_S1-8901030793950.jpg?v=1734433449', NULL, 0),
(33, 31, 33, 'variant_image', 'https://cdn.shopify.com/s/files/1/0825/6713/5537/files/23707_H-8901030995217.jpg?v=1734433436', NULL, 0),
(34, 31, 34, 'variant_image', 'https://cdn.shopify.com/s/files/1/0825/6713/5537/files/23708_S1-8901030995200.jpg?v=1734433435', NULL, 0),
(35, 31, 35, 'variant_image', 'https://cdn.shopify.com/s/files/1/0825/6713/5537/files/23705_H-8901030995231.jpg?v=1734433435', NULL, 0),
(36, 31, 36, 'variant_image', 'https://cdn.shopify.com/s/files/1/0825/6713/5537/files/23706_H-8901030995224.jpg?v=1734433436', NULL, 0),
(37, 31, 37, 'variant_image', 'https://cdn.shopify.com/s/files/1/0825/6713/5537/files/Lakme9to5WeightlessMousseFoundationWalnut.jpg?v=1734433435', NULL, 0),
(38, 31, 38, 'variant_image', 'https://cdn.shopify.com/s/files/1/0825/6713/5537/files/Lakme9to5WeightlessMousseFoundationWarmMocha.jpg?v=1734433435', NULL, 0),
(39, 32, 39, 'variant_image', 'https://cdn.shopify.com/s/files/1/0825/6713/5537/files/LakmeAbsolutePerfectRadianceBrighteningFacialFoam.jpg?v=1734433333', NULL, 0),
(40, 33, 40, 'variant_image', 'https://cdn.shopify.com/s/files/1/0825/6713/5537/files/12904_H-8901030916212_768d8b76-44b8-412a-a378-7e2381185d9c.jpg?v=1734433323', NULL, 0),
(41, 34, 41, 'variant_image', 'https://cdn.shopify.com/s/files/1/0825/6713/5537/files/Lakme9to5EyeColorQuartetEyeShadow-DesertRose.jpg?v=1734433315', NULL, 0),
(42, 35, 42, 'variant_image', 'https://cdn.shopify.com/s/files/1/0825/6713/5537/files/Vintagepink.jpg?v=1734433305', NULL, 0),
(43, 35, 43, 'variant_image', 'https://cdn.shopify.com/s/files/1/0825/6713/5537/files/mulberry-feast.jpg?v=1734433306', NULL, 0),
(44, 35, 44, 'variant_image', 'https://cdn.shopify.com/s/files/1/0825/6713/5537/files/mild-mauve.jpg?v=1734433306', NULL, 0),
(45, 35, 45, 'variant_image', 'https://cdn.shopify.com/s/files/1/0825/6713/5537/files/crazy-tangerine.jpg?v=1734433306', NULL, 0),
(46, 35, 46, 'variant_image', 'https://cdn.shopify.com/s/files/1/0825/6713/5537/files/firestarter-red.jpg?v=1734433306', NULL, 0),
(47, 35, 47, 'variant_image', 'https://cdn.shopify.com/s/files/1/0825/6713/5537/files/nude-hit.jpg?v=1734433306', NULL, 0),
(48, 35, 48, 'variant_image', 'https://cdn.shopify.com/s/files/1/0825/6713/5537/files/red-vibe.jpg?v=1734433307', NULL, 0),
(49, 35, 49, 'variant_image', 'https://cdn.shopify.com/s/files/1/0825/6713/5537/files/mauve-mix.jpg?v=1734433307', NULL, 0),
(50, 35, 50, 'variant_image', 'https://cdn.shopify.com/s/files/1/0825/6713/5537/files/peach-rose.jpg?v=1734433307', NULL, 0),
(51, 36, 51, 'variant_image', 'https://cdn.shopify.com/s/files/1/0825/6713/5537/files/Hero_0c747456-364d-4f98-aab0-5111711e0605.jpg?v=1734433204', NULL, 0),
(52, 37, 52, 'variant_image', 'https://cdn.shopify.com/s/files/1/0825/6713/5537/files/Lakme9to5NaturaleCCCreamBronze.jpg?v=1734433194', NULL, 0),
(53, 37, 53, 'variant_image', 'https://cdn.shopify.com/s/files/1/0825/6713/5537/files/2_20f01033-5094-4de1-a8bd-f77605bb6efb.jpg?v=1734433194', NULL, 0),
(54, 38, 54, 'variant_image', 'https://cdn.shopify.com/s/files/1/0825/6713/5537/files/12956_S1-8901030669828.jpg?v=1734433181', NULL, 0),
(55, 39, 55, 'variant_image', 'https://cdn.shopify.com/s/files/1/0825/6713/5537/files/LakmeAbsoluteGlossArtistEyeLiner-Black.jpg?v=1734433170', NULL, 0),
(56, 40, 56, 'variant_image', 'https://cdn.shopify.com/s/files/1/0825/6713/5537/files/Lakme9to5NaturaleAloeAquaGel.png?v=1734433161', NULL, 0),
(57, 41, 57, 'variant_image', 'https://cdn.shopify.com/s/files/1/0825/6713/5537/files/24004_S1-8901030825262.jpg?v=1734433152', NULL, 0),
(58, 42, 58, 'variant_image', 'https://cdn.shopify.com/s/files/1/0825/6713/5537/files/24003_S1-8901030825279.jpg?v=1734433142', NULL, 0),
(59, 43, 59, 'variant_image', 'https://cdn.shopify.com/s/files/1/0825/6713/5537/files/24030_H-8901030986147.jpg?v=1734433129', NULL, 0),
(60, 43, 60, 'variant_image', 'https://cdn.shopify.com/s/files/1/0825/6713/5537/files/24031_H-8901030986130.jpg?v=1734433129', NULL, 0),
(61, 43, 61, 'variant_image', 'https://cdn.shopify.com/s/files/1/0825/6713/5537/files/24032_H-8901030995293.jpg?v=1734433130', NULL, 0),
(62, 43, 62, 'variant_image', 'https://cdn.shopify.com/s/files/1/0825/6713/5537/files/24033_H-8901030995286.jpg?v=1734433130', NULL, 0),
(63, 43, 63, 'variant_image', 'https://cdn.shopify.com/s/files/1/0825/6713/5537/files/24034_H-8901030995279.jpg?v=1734433130', NULL, 0),
(64, 43, 64, 'variant_image', 'https://cdn.shopify.com/s/files/1/0825/6713/5537/files/24035_H-8901030995262.jpg?v=1734433130', NULL, 0),
(65, 44, 65, 'variant_image', 'https://cdn.shopify.com/s/files/1/0825/6713/5537/files/LakmeSunExpertUltraMatteGelSunscreenSPF50PA_50ML_058ca54b-59d8-43d4-96c6-2f3cb75031f8.jpg?v=1734433043', NULL, 0),
(66, 45, 66, 'variant_image', 'https://cdn.shopify.com/s/files/1/0825/6713/5537/files/23895_S1-8901030612114.png?v=1734433034', NULL, 0),
(67, 46, 67, 'variant_image', 'https://cdn.shopify.com/s/files/1/0825/6713/5537/files/blusher.png?v=1734433029', NULL, 0),
(68, 46, 68, 'variant_image', 'https://cdn.shopify.com/s/files/1/0825/6713/5537/files/24292_S2-8901030716126.jpg?v=1734433029', NULL, 0),
(69, 46, 69, 'variant_image', 'https://cdn.shopify.com/s/files/1/0825/6713/5537/files/24293_S2-8901030716133.jpg?v=1734433029', NULL, 0),
(70, 46, 70, 'variant_image', 'https://cdn.shopify.com/s/files/1/0825/6713/5537/files/24294_S2-8901030716140.jpg?v=1734433029', NULL, 0),
(71, 47, 71, 'variant_image', 'https://cdn.shopify.com/s/files/1/0825/6713/5537/files/Lakme9to5BlackImpactLiner.jpg?v=1734433009', NULL, 0),
(72, 48, 72, 'variant_image', 'https://cdn.shopify.com/s/files/1/0825/6713/5537/files/LakmeAbsoluteFlutterSecretsDramaticEyesMascara.png?v=1734433001', NULL, 0),
(73, 49, 73, 'variant_image', 'https://cdn.shopify.com/s/files/1/0825/6713/5537/files/LakmeAbsoluteFaceStylistBlushDuosRoseBlush_93563c2f-74b7-4fe9-a954-fe596c21a529.png?v=1734432995', NULL, 0),
(74, 49, 74, 'variant_image', 'https://cdn.shopify.com/s/files/1/0825/6713/5537/files/Coral_Blush.jpg?v=1734432995', NULL, 0),
(75, 49, 75, 'variant_image', 'https://cdn.shopify.com/s/files/1/0825/6713/5537/files/LakmeAbsoluteFaceStylistBlushDuosPinkBlush.jpg?v=1734432995', NULL, 0),
(76, 50, 76, 'variant_image', 'https://cdn.shopify.com/s/files/1/0825/6713/5537/files/LakmeAbsolutePlump_ShineLipGlossBeigeShine.jpg?v=1734432971', NULL, 0),
(77, 50, 77, 'variant_image', 'https://cdn.shopify.com/s/files/1/0825/6713/5537/files/LakmeAbsolutePlump_ShineLipGlossCandyShine.jpg?v=1734432971', NULL, 0),
(78, 50, 78, 'variant_image', 'https://cdn.shopify.com/s/files/1/0825/6713/5537/files/LakmeAbsolutePlump_ShineLipGlossPlumShine.jpg?v=1734432971', NULL, 0),
(79, 50, 79, 'variant_image', 'https://cdn.shopify.com/s/files/1/0825/6713/5537/files/LakmeAbsolutePlump_ShineLipGlossPinkShine.jpg?v=1734432971', NULL, 0),
(80, 50, 80, 'variant_image', 'https://cdn.shopify.com/s/files/1/0825/6713/5537/files/LakmeAbsolutePlump_ShineLipGlossRedShine.jpg?v=1734432971', NULL, 0),
(81, 50, 81, 'variant_image', 'https://cdn.shopify.com/s/files/1/0825/6713/5537/files/LakmeAbsolutePlump_ShineLipGlossCherryShine.jpg?v=1734432971', NULL, 0),
(82, 50, 82, 'variant_image', 'https://cdn.shopify.com/s/files/1/0825/6713/5537/files/LakmeAbsolutePlump_ShineLipGlossCrimsonShine.jpg?v=1734432971', NULL, 0),
(83, 50, 83, 'variant_image', 'https://cdn.shopify.com/s/files/1/0825/6713/5537/files/23246_S1-8901030476150_776b2325-83bd-43d7-b9ae-5297d441d8de.jpg?v=1734432971', NULL, 0);

-- --------------------------------------------------------

--
-- Table structure for table `universal_products`
--

DROP TABLE IF EXISTS `universal_products`;
CREATE TABLE IF NOT EXISTS `universal_products` (
  `id` bigint NOT NULL AUTO_INCREMENT,
  `job_id` int DEFAULT NULL,
  `parent_sku` varchar(255) DEFAULT NULL,
  `slug` varchar(255) DEFAULT NULL,
  `name` varchar(255) DEFAULT NULL,
  `description` text,
  `mrp` varchar(255) DEFAULT NULL,
  `sale_price` varchar(255) DEFAULT NULL,
  `brand` varchar(255) DEFAULT NULL,
  `product_type` varchar(255) DEFAULT NULL,
  `status` varchar(50) DEFAULT NULL,
  `created_at` datetime DEFAULT NULL,
  PRIMARY KEY (`id`),
  KEY `job_id` (`job_id`)
) ENGINE=MyISAM AUTO_INCREMENT=51 DEFAULT CHARSET=utf8mb4 COLLATE=utf8mb4_0900_ai_ci;

--
-- Dumping data for table `universal_products`
--

INSERT INTO `universal_products` (`id`, `job_id`, `parent_sku`, `slug`, `name`, `description`, `mrp`, `sale_price`, `brand`, `product_type`, `status`, `created_at`) VALUES
(1, 131, 'lakme-vitc-superglow-tint-compact-concealer-trio-value-set', 'lakme-vitc-superglow-tint-compact-concealer-trio-value-set', 'Lakm VitC Superglow Tint, Compact & Concealer Trio', '', '1049.00', '892.00', NULL, NULL, NULL, NULL),
(2, 131, 'lakme-vitc-superglow-skin-perfecting-collection-set-of-4-value-set', 'lakme-vitc-superglow-skin-perfecting-collection-set-of-4-value-set', 'Lakm VitC Superglow Skin Perfecting Collection (Set of 4)', '', '1448.00', '1230.00', NULL, NULL, NULL, NULL),
(3, 131, 'lakme-vitc-superglow-primer-tint-concealer-trio-value-set', 'lakme-vitc-superglow-primer-tint-concealer-trio-value-set', 'Lakm VitC Superglow Primer, Tint & Concealer Trio', '', '1098.00', '933.00', NULL, NULL, NULL, NULL),
(4, 131, 'lakme-vitc-superglow-tint-concealer-combo-value-set', 'lakme-vitc-superglow-tint-concealer-combo-value-set', 'Lakm VitC Superglow Tint + Concealer Combo', '', '699.00', '629.00', NULL, NULL, NULL, NULL),
(5, 131, 'lakme-vitc-superglow-primer-tint-combo-value-set', 'lakme-vitc-superglow-primer-tint-combo-value-set', 'Lakm VitC Superglow Primer + Tint Combo', '', '798.00', '718.00', NULL, NULL, NULL, NULL),
(6, 131, 'lakme-vitc-superglow-primer-concealer-combo-value-set', 'lakme-vitc-superglow-primer-concealer-combo-value-set', 'Lakm VitC Superglow Primer + Concealer Combo', '', '699.00', '629.00', NULL, NULL, NULL, NULL),
(7, 131, 'lakme-vitc-superglow-primer-compact-combo-value-set', 'lakme-vitc-superglow-primer-compact-combo-value-set', 'Lakm VitC Superglow Primer + Compact Combo', '', '749.00', '674.00', NULL, NULL, NULL, NULL),
(8, 131, 'lakme-superglow-tint-compact-combo-value-set', 'lakme-superglow-tint-compact-combo-value-set', 'Lakm Superglow Tint + Compact Combo', '', '749.00', '674.00', NULL, NULL, NULL, NULL),
(9, 131, 'blossom-bae', 'blossom-bae', 'Call Me Bae Lip + Blush Combo', '', '', '2098.00', NULL, NULL, NULL, NULL),
(10, 131, 'pink-blossom', 'pink-blossom', 'Pink Blossom Lip + Blush Combo', '', '', '1898.00', NULL, NULL, NULL, NULL),
(11, 131, 'drizzle-in-the-orchard', 'drizzle-in-the-orchard', 'Sweet Drizzle Lipstick Combo', '', '', '2098.00', NULL, NULL, NULL, NULL),
(12, 131, 'blooming-rose', 'blooming-rose', 'Blooming Beauty Lipstick Combo', '', '', '2198.00', NULL, NULL, NULL, NULL),
(13, 131, 'lakme-absolute-argan-oil-radiance-oil-in-gel', 'lakme-absolute-argan-oil-radiance-oil-in-gel', 'Lakm Absolute Argan Oil Radiance Oil-in-Gel', '', '799.00', '679.00', NULL, NULL, NULL, NULL),
(14, 131, 'lakme-lip-love-chapstick-purlipcare-4-5g', 'lakme-lip-love-chapstick-purlipcare-4-5g', 'Lakm Lip Love Chapstick', '', '', '160.00', NULL, NULL, NULL, NULL),
(15, 131, 'shantanu-nikhil-x-lakme-special-edition-gift-box', 'shantanu-nikhil-x-lakme-special-edition-gift-box', 'Shantanu & Nikhil X Lakm Special Edition Gift box', '', '2448.00', '1958.00', NULL, NULL, NULL, NULL),
(16, 131, 'lakme-eyeconic-kajal-twin-pack-0-35g-0-35g', 'lakme-eyeconic-kajal-twin-pack-0-35g-0-35g', 'Lakm 9 to 5 Eyeconic Kajal Twin Pack', '', '399.00', '330.00', NULL, NULL, NULL, NULL),
(17, 131, 'lakme-sun-expert-spf-30-pa-ultra-matte-lotion-50-ml', 'lakme-sun-expert-spf-30-pa-ultra-matte-lotion-50-ml', 'Lakm Sun Expert SPF 30 PA++ Ultra Matte Lotion, 50 ml', '', '299.00', '220.00', NULL, NULL, NULL, NULL),
(18, 131, 'lakme-sun-expert-spf-50-pa-ultra-matte-lotion-50-ml', 'lakme-sun-expert-spf-50-pa-ultra-matte-lotion-50-ml', 'Lakm Sun Expert SPF 50 PA+++ Ultra Matte Lotion, 50 ml', '', '325.00', '260.00', NULL, NULL, NULL, NULL),
(19, 131, 'lakme-peach-milk-moisturizer-body-lotion-200-ml', 'lakme-peach-milk-moisturizer-body-lotion-200-ml', 'Lakm Peach Milk Moisturizer Body Lotion 200 ml', '', '435.00', '399.00', NULL, NULL, NULL, NULL),
(20, 131, 'lakme-peach-milk-moisturizer-spf-24-pa-sunscreen-lotion-120-ml', 'lakme-peach-milk-moisturizer-spf-24-pa-sunscreen-lotion-120-ml', 'Lakm Peach Milk Moisturizer SPF 24 PA Sunscreen Lotion 120 ml', '', '', '299.00', NULL, NULL, NULL, NULL),
(21, 131, 'lakme-absolute-perfect-radiance-skin-brightening-light-creme-50g', 'lakme-absolute-perfect-radiance-skin-brightening-light-creme-50g', 'Lakm Absolute Perfect Radiance Skin Brightening Light Creme 50g', '', '', '449.00', NULL, NULL, NULL, NULL),
(22, 131, 'lakme-9-to-5-naturale-day-creme-spf-20-50g', 'lakme-9-to-5-naturale-day-creme-spf-20-50g', 'Lakm 9to5 Naturale Day Crme SPF 20 - 50g', '', '375.00', '279.00', NULL, NULL, NULL, NULL),
(23, 131, 'lakme-absolute-white-intense-spf-20-concealer-stick-3-6-g', 'lakme-absolute-white-intense-spf-20-concealer-stick-3-6-g', 'Lakm Absolute SPF 20 Concealer Stick - 3.6 g', '', '650.00', '615.00', NULL, NULL, NULL, NULL),
(24, 131, 'lakme-absolute-precision-eye-artist-eyebrow-pencil', 'lakme-absolute-precision-eye-artist-eyebrow-pencil', 'Lakm Absolute Precision Eye Artist Eyebrow Pencil', '', '700.00', '630.00', NULL, NULL, NULL, NULL),
(25, 131, 'lakme-xtraordin-airy-compact', 'lakme-xtraordin-airy-compact', 'Lakm  Xtraordin-airy Compact', '', '899.00', '745.00', NULL, NULL, NULL, NULL),
(26, 131, 'lakme-peach-milk-moisturizer-body-lotion-spf-24-pa-200-ml', 'lakme-peach-milk-moisturizer-body-lotion-spf-24-pa-200-ml', 'Lakm Peach Milk Moisturizer Body Lotion', '', '525.00', '475.00', NULL, NULL, NULL, NULL),
(27, 131, 'lakme-peach-milk-moisturizer-all-skin-types-120-ml', 'lakme-peach-milk-moisturizer-all-skin-types-120-ml', 'Lakm Peach Milk Moisturizer 120ml', '', '250.00', '199.00', NULL, NULL, NULL, NULL),
(28, 131, 'lakme-sun-expert-ultra-matte-gel-100-ml', 'lakme-sun-expert-ultra-matte-gel-100-ml', 'Lakm  Sun Expert Gel light Sunscreen, SPF 50 PA+++ |UVA/B protection, Matte Finish 100gm', '', '599.00', '525.00', NULL, NULL, NULL, NULL),
(29, 131, 'lakme-youth-infinity-day-creme-spf-15', 'lakme-youth-infinity-day-creme-spf-15', 'Lakm Youth Infinity Skin Firming Day Creme', '', '899.00', '635.83', NULL, NULL, NULL, NULL),
(30, 131, 'lakme-youth-infinity-skin-sclpting-night-creme', 'lakme-youth-infinity-skin-sclpting-night-creme', 'Lakm Youth Infinity Skin Firming Night Creme', '', '999.00', '965.08', NULL, NULL, NULL, NULL),
(31, 131, 'lakme-9to5-powerplay-mousse-foundation', 'lakme-9to5-powerplay-mousse-foundation', 'Lakm 9to5 Powerplay Mousse Foundation', '', '699.00', '600.00', NULL, NULL, NULL, NULL),
(32, 131, 'lakme-absolute-perfect-radiance-brightening-facial-foam', 'lakme-absolute-perfect-radiance-brightening-facial-foam', 'Lakm Absolute Perfect Radiance Brightening Facial Foam', '', '499.00', '424.15', NULL, NULL, NULL, NULL),
(33, 131, 'lakme-sun-expert-spf-50-pa-ultra-matte-lotion-100-ml', 'lakme-sun-expert-spf-50-pa-ultra-matte-lotion-100-ml', 'Lakm Sun Expert SPF 50 PA+++ Ultra Matte Lotion, 100 ml', '', '550.00', '420.00', NULL, NULL, NULL, NULL),
(34, 131, 'lakme-9-to-5-eye-color-quartet-eye-shadow', 'lakme-9-to-5-eye-color-quartet-eye-shadow', 'Lakm 9to5 Eye Color Quartet Eye Shadow - Desert Rose', '', '700.00', '630.00', NULL, NULL, NULL, NULL),
(35, 131, 'lakme-absolute-matte-melt-liquid-lip-color', 'lakme-absolute-matte-melt-liquid-lip-color', 'Lakm Absolute Matte Melt Liquid Lip Color', '', '', '750.00', NULL, NULL, NULL, NULL),
(36, 131, 'lakme-9to5-naturale-night-creme', 'lakme-9to5-naturale-night-creme', 'Lakm 9to5 Naturale Night Crme', '', '425.00', '281.00', NULL, NULL, NULL, NULL),
(37, 131, 'lakme-9to5-naturale-cc-cream', 'lakme-9to5-naturale-cc-cream', 'Lakm 9to5 Naturale CC Cream', '', '', '399.00', NULL, NULL, NULL, NULL),
(38, 131, 'lakme-sun-compact', 'lakme-sun-compact', 'Lakm Sun Expert Ultra Matte SPF 40 PA+++ Compact - 7 g', '', '', '285.00', NULL, NULL, NULL, NULL),
(39, 131, 'lakme-absolute-gloss-artist-eye-liner-black', 'lakme-absolute-gloss-artist-eye-liner-black', 'Lakm Absolute Gloss Artist Eye Liner - Black', '', '700.00', '640.00', NULL, NULL, NULL, NULL),
(40, 131, 'lakme-9to5-naturale-aloe-aqua-gel', 'lakme-9to5-naturale-aloe-aqua-gel', 'Lakm 9to5 Naturale Aloe Aqua Gel 50g', '', '215.00', '180.00', NULL, NULL, NULL, NULL),
(41, 131, 'lakme-absolute-argan-oil-radiance-overnight-oil-in-serum', 'lakme-absolute-argan-oil-radiance-overnight-oil-in-serum', 'Lakm Absolute Argan Oil Radiance Overnight Oil-in-Serum', '', '999.00', '639.20', NULL, NULL, NULL, NULL),
(42, 131, 'lakme-absolute-argan-oil-radiance-oil-in-creme', 'lakme-absolute-argan-oil-radiance-oil-in-creme', 'Lakm Absolute Argan Oil Radiance Oil-in-Crme', '', '899.00', '719.00', NULL, NULL, NULL, NULL),
(43, 131, 'lakme-9to5-primer-matte-powder-foundation', 'lakme-9to5-primer-matte-powder-foundation', 'Lakm Powerplay Priming Powder Foundation', '', '625.00', '540.00', NULL, NULL, NULL, NULL),
(44, 131, 'lakme-sun-expert-gel-sunscreen-50-ml', 'lakme-sun-expert-gel-sunscreen-50-ml', 'Lakm Sun Expert Ultra Matte Gel Sunscreen SPF 50 PA+++ 50 ML', '', '365.00', '276.00', NULL, NULL, NULL, NULL),
(45, 131, 'lakme-absolute-illuminating-shimmer-brick', 'lakme-absolute-illuminating-shimmer-brick', 'Lakm Absolute Illuminating Shimmer Brick', '', '725.00', '660.00', NULL, NULL, NULL, NULL),
(46, 131, 'lakme-9to5-pure-rouge-blusher', 'lakme-9to5-pure-rouge-blusher', 'Lakm 9to5 Pure Rouge Blusher', '', '550.00', '515.00', NULL, NULL, NULL, NULL),
(47, 131, 'lakme-9to5-black-impact-liner', 'lakme-9to5-black-impact-liner', 'Lakm 9to5 Black Impact Liner', '', '375.00', '355.00', NULL, NULL, NULL, NULL),
(48, 131, 'lakme-absolute-flutter-secrets-dramatic-eyes-mascara', 'lakme-absolute-flutter-secrets-dramatic-eyes-mascara', 'Lakm Absolute Flutter Secrets Dramatic Eyes Mascara', '', '800.00', '680.00', NULL, NULL, NULL, NULL),
(49, 131, 'lakme-absolute-face-stylist-blush-set', 'lakme-absolute-face-stylist-blush-set', 'Lakm Absolute Face Stylist Blush Duos', '', '750.00', '680.00', NULL, NULL, NULL, NULL),
(50, 131, 'lakme-absolute-plump-shine-lip-gloss', 'lakme-absolute-plump-shine-lip-gloss', 'Lakm Absolute Plump & Shine Lip Gloss', '', '800.00', '680.00', NULL, NULL, NULL, NULL);

-- --------------------------------------------------------

--
-- Table structure for table `universal_variants`
--

DROP TABLE IF EXISTS `universal_variants`;
CREATE TABLE IF NOT EXISTS `universal_variants` (
  `id` bigint NOT NULL AUTO_INCREMENT,
  `product_id` bigint DEFAULT NULL,
  `sku` varchar(255) DEFAULT NULL,
  `price` decimal(12,2) DEFAULT NULL,
  `regular_price` decimal(12,2) DEFAULT NULL,
  `sale_price` decimal(12,2) DEFAULT NULL,
  `weight` decimal(10,3) DEFAULT NULL,
  `is_virtual` tinyint(1) DEFAULT NULL,
  PRIMARY KEY (`id`),
  KEY `product_id` (`product_id`)
) ENGINE=MyISAM AUTO_INCREMENT=84 DEFAULT CHARSET=utf8mb4 COLLATE=utf8mb4_0900_ai_ci;

--
-- Dumping data for table `universal_variants`
--

INSERT INTO `universal_variants` (`id`, `product_id`, `sku`, `price`, `regular_price`, `sale_price`, `weight`, `is_virtual`) VALUES
(1, 13, '\'12979', 679.00, 799.00, 679.00, NULL, NULL),
(2, 14, '\'27047', 160.00, 160.00, NULL, NULL, NULL),
(3, 14, '\'27053', 160.00, 160.00, NULL, NULL, NULL),
(4, 14, '\'27048', 160.00, 160.00, NULL, NULL, NULL),
(5, 14, '\'27049', 160.00, 160.00, NULL, NULL, NULL),
(6, 14, '\'27050', 160.00, 160.00, NULL, NULL, NULL),
(7, 14, '\'27051', 160.00, 160.00, NULL, NULL, NULL),
(8, 14, '\'27052', 160.00, 160.00, NULL, NULL, NULL),
(9, 15, '\'90001', 1958.00, 2448.00, 1958.00, NULL, NULL),
(10, 16, '\'24272', 330.00, 399.00, 330.00, NULL, NULL),
(11, 17, '\'22580', 220.00, 299.00, 220.00, NULL, NULL),
(12, 18, '\'12882', 260.00, 325.00, 260.00, NULL, NULL),
(13, 19, '\'22628', 399.00, 435.00, 399.00, NULL, NULL),
(14, 20, '\'23136', 299.00, 299.00, NULL, NULL, NULL),
(15, 21, '\'23423', 449.00, 449.00, NULL, NULL, NULL),
(16, 22, '\'12982', 279.00, 375.00, 279.00, NULL, NULL),
(17, 23, '\'23385', 615.00, 650.00, 615.00, NULL, NULL),
(18, 23, '\'23386', 615.00, 650.00, 615.00, NULL, NULL),
(19, 23, '\'23387', 615.00, 650.00, 615.00, NULL, NULL),
(20, 24, '\'23993', 630.00, 700.00, 630.00, NULL, NULL),
(21, 24, '\'23994', 630.00, 700.00, 630.00, NULL, NULL),
(22, 25, '\'22682', 745.00, 899.00, 745.00, NULL, NULL),
(23, 25, '\'23041', 745.00, 899.00, 745.00, NULL, NULL),
(24, 25, '\'22680', 745.00, 899.00, 745.00, NULL, NULL),
(25, 25, '\'22678', 745.00, 899.00, 745.00, NULL, NULL),
(26, 25, '\'23040', 745.00, 899.00, 745.00, NULL, NULL),
(27, 25, '\'23042', 745.00, 899.00, 745.00, NULL, NULL),
(28, 26, '\'23137', 475.00, 525.00, 475.00, NULL, NULL),
(29, 27, '\'22626', 199.00, 250.00, 199.00, NULL, NULL),
(30, 28, '\'12904', 525.00, 599.00, 525.00, NULL, NULL),
(31, 29, '\'23046', 635.83, 899.00, 635.83, NULL, NULL),
(32, 30, '\'23048', 965.08, 999.00, 965.08, NULL, NULL),
(33, 31, '\'23707', 600.00, 699.00, 600.00, NULL, NULL),
(34, 31, '\'23708', 600.00, 699.00, 600.00, NULL, NULL),
(35, 31, '\'23705', 600.00, 699.00, 600.00, NULL, NULL),
(36, 31, '\'23706', 600.00, 699.00, 600.00, NULL, NULL),
(37, 31, '\'24429', 468.00, 585.00, 468.00, NULL, NULL),
(38, 31, '\'24430', 468.00, 585.00, 468.00, NULL, NULL),
(39, 32, '\'12844', 424.15, 499.00, 424.15, NULL, NULL),
(40, 33, '\'12685', 420.00, 550.00, 420.00, NULL, NULL),
(41, 34, '\'22045', 630.00, 700.00, 630.00, NULL, NULL),
(42, 35, '\'24253', 750.00, 750.00, NULL, NULL, NULL),
(43, 35, '\'24254', 750.00, 750.00, NULL, NULL, NULL),
(44, 35, '\'24257', 750.00, 750.00, NULL, NULL, NULL),
(45, 35, '\'24251', 750.00, 750.00, NULL, NULL, NULL),
(46, 35, '\'24252', 800.00, 800.00, NULL, NULL, NULL),
(47, 35, '\'24405', 750.00, 750.00, NULL, NULL, NULL),
(48, 35, '\'24410', 800.00, 800.00, NULL, NULL, NULL),
(49, 35, '\'24400', 750.00, 750.00, NULL, NULL, NULL),
(50, 35, '\'24258', 750.00, 750.00, NULL, NULL, NULL),
(51, 36, '\'12983', 281.00, 425.00, 281.00, NULL, NULL),
(52, 37, '\'12985', 399.00, 399.00, NULL, NULL, NULL),
(53, 37, '\'12984', 399.00, 399.00, NULL, NULL, NULL),
(54, 38, '\'12956', 285.00, 285.00, NULL, NULL, NULL),
(55, 39, '\'23563', 640.00, 700.00, 640.00, NULL, NULL),
(56, 40, '\'12980', 180.00, 215.00, 180.00, NULL, NULL),
(57, 41, '\'24004', 639.20, 999.00, 639.20, NULL, NULL),
(58, 42, '\'24003', 719.00, 899.00, 719.00, NULL, NULL),
(59, 43, '\'24030', 540.00, 625.00, 540.00, NULL, NULL),
(60, 43, '\'24031', 540.00, 625.00, 540.00, NULL, NULL),
(61, 43, '\'24032', 540.00, 625.00, 540.00, NULL, NULL),
(62, 43, '\'24033', 540.00, 625.00, 540.00, NULL, NULL),
(63, 43, '\'24034', 540.00, 625.00, 540.00, NULL, NULL),
(64, 43, '\'24035', 540.00, 625.00, 540.00, NULL, NULL),
(65, 44, '\'12903', 276.00, 365.00, 276.00, NULL, NULL),
(66, 45, '\'23895', 660.00, 725.00, 660.00, NULL, NULL),
(67, 46, '\'22228', 515.00, 550.00, 515.00, NULL, NULL),
(68, 46, '\'24292', 515.00, 550.00, 515.00, NULL, NULL),
(69, 46, '\'24293', 515.00, 550.00, 515.00, NULL, NULL),
(70, 46, '\'24294', 515.00, 550.00, 515.00, NULL, NULL),
(71, 47, '\'22341', 355.00, 375.00, 355.00, NULL, NULL),
(72, 48, '\'22764', 680.00, 800.00, 680.00, NULL, NULL),
(73, 49, '\'23355', 680.00, 750.00, 680.00, NULL, NULL),
(74, 49, '\'23352', 680.00, 750.00, 680.00, NULL, NULL),
(75, 49, '\'23353', 680.00, 750.00, 680.00, NULL, NULL),
(76, 50, '\'22783', 680.00, 800.00, 680.00, NULL, NULL),
(77, 50, '\'22786', 400.00, 500.00, 400.00, NULL, NULL),
(78, 50, '\'22787', 680.00, 800.00, 680.00, NULL, NULL),
(79, 50, '\'23252', 680.00, 800.00, 680.00, NULL, NULL),
(80, 50, '\'23250', 680.00, 800.00, 680.00, NULL, NULL),
(81, 50, '\'22785', 400.00, 500.00, 400.00, NULL, NULL),
(82, 50, '\'23256', 400.00, 500.00, 400.00, NULL, NULL),
(83, 50, '\'23246', 680.00, 800.00, 680.00, NULL, NULL);
COMMIT;

/*!40101 SET CHARACTER_SET_CLIENT=@OLD_CHARACTER_SET_CLIENT */;
/*!40101 SET CHARACTER_SET_RESULTS=@OLD_CHARACTER_SET_RESULTS */;
/*!40101 SET COLLATION_CONNECTION=@OLD_COLLATION_CONNECTION */;
